Starting simtrace2-pysniff-server...
simtrace2-pysniff-server — http://127.0.0.1:8081
  capture mode: direct
  database:     /home/catarrh/.simtrace-analyser/sessions.db

[12/Aug/2026 17:50:18] GET /api/capture/latest?after=2338 HTTP/1.1
[12/Aug/2026 17:50:19] GET /api/capture/latest?after=2338 HTTP/1.1
[12/Aug/2026 17:50:19] GET /api/capture/latest?after=2338 HTTP/1.1
[12/Aug/2026 17:50:20] GET /api/capture/latest?after=2338 HTTP/1.1
[12/Aug/2026 17:50:20] GET /api/capture/latest?after=2338 HTTP/1.1
[12/Aug/2026 17:50:21] GET /api/capture/latest?after=2338 HTTP/1.1
[12/Aug/2026 17:50:21] GET /api/capture/latest?after=2338 HTTP/1.1
[12/Aug/2026 17:50:22] GET /api/capture/latest?after=2338 HTTP/1.1
[12/Aug/2026 17:50:22] GET /api/status HTTP/1.1
[12/Aug/2026 17:50:22] GET /api/capture/latest?after=2338 HTTP/1.1
[12/Aug/2026 17:50:23] GET /api/capture/latest?after=2338 HTTP/1.1
[12/Aug/2026 17:50:23] GET /api/capture/latest?after=2338 HTTP/1.1
[12/Aug/2026 17:50:24] GET /api/capture/latest?after=2338 HTTP/1.1
[12/Aug/2026 17:50:24] GET /api/capture/latest?after=2338 HTTP/1.1
[12/Aug/2026 17:50:25] GET /api/capture/latest?after=2338 HTTP/1.1
[12/Aug/2026 17:50:25] GET /api/capture/latest?after=2338 HTTP/1.1
[12/Aug/2026 17:50:26] GET /api/capture/latest?after=2338 HTTP/1.1
[12/Aug/2026 17:50:26] GET /api/capture/latest?after=2338 HTTP/1.1
[12/Aug/2026 17:50:27] GET /api/status HTTP/1.1
[12/Aug/2026 17:50:28] POST /api/capture/start HTTP/1.1
Connected to SIMtrace2 sniffer (EP IN 0x82)
[12/Aug/2026 17:50:29] GET /api/capture/latest?after=0 HTTP/1.1
[12/Aug/2026 17:50:29] GET /api/capture/latest?after=2341 HTTP/1.1
[12/Aug/2026 17:50:30] GET /api/capture/latest?after=2341 HTTP/1.1
[12/Aug/2026 17:50:30] GET /api/capture/latest?after=2341 HTTP/1.1
[12/Aug/2026 17:50:31] GET /api/capture/latest?after=2341 HTTP/1.1
[12/Aug/2026 17:50:31] GET /api/capture/latest?after=2341 HTTP/1.1
[12/Aug/2026 17:50:32] GET /api/capture/latest?after=2341 HTTP/1.1
[12/Aug/2026 17:50:32] GET /api/status HTTP/1.1
[12/Aug/2026 17:50:32] GET /api/capture/latest?after=2341 HTTP/1.1
[12/Aug/2026 17:50:33] GET /api/capture/latest?after=2341 HTTP/1.1
[12/Aug/2026 17:50:33] GET /api/capture/latest?after=2341 HTTP/1.1
[12/Aug/2026 17:50:34] GET /api/capture/latest?after=2341 HTTP/1.1
[12/Aug/2026 17:50:34] GET /api/capture/latest?after=2341 HTTP/1.1
[12/Aug/2026 17:50:35] GET /api/capture/latest?after=2341 HTTP/1.1
[12/Aug/2026 17:50:35] GET /api/capture/latest?after=2341 HTTP/1.1
[12/Aug/2026 17:50:36] GET /api/capture/latest?after=2341 HTTP/1.1
[12/Aug/2026 17:50:36] GET /api/capture/latest?after=2341 HTTP/1.1
[12/Aug/2026 17:50:37] GET /api/capture/latest?after=2341 HTTP/1.1
[12/Aug/2026 17:50:37] GET /api/status HTTP/1.1
[12/Aug/2026 17:50:37] GET /api/capture/latest?after=2341 HTTP/1.1
[12/Aug/2026 17:50:38] GET /api/capture/latest?after=2341 HTTP/1.1
[12/Aug/2026 17:50:38] GET /api/capture/latest?after=2341 HTTP/1.1
[12/Aug/2026 17:50:39] GET /api/capture/latest?after=2341 HTTP/1.1
[12/Aug/2026 17:50:39] GET /api/capture/latest?after=2341 HTTP/1.1
[12/Aug/2026 17:50:40] GET /api/capture/latest?after=2341 HTTP/1.1
[12/Aug/2026 17:50:40] GET /api/capture/latest?after=2341 HTTP/1.1
[12/Aug/2026 17:50:41] GET /api/capture/latest?after=2341 HTTP/1.1
[12/Aug/2026 17:50:42] GET /api/capture/latest?after=2341 HTTP/1.1
[12/Aug/2026 17:50:42] GET /api/status HTTP/1.1
[12/Aug/2026 17:50:43] GET /api/capture/latest?after=2341 HTTP/1.1
[12/Aug/2026 17:50:44] GET /api/capture/latest?after=2341 HTTP/1.1
[12/Aug/2026 17:50:45] GET /api/capture/latest?after=2341 HTTP/1.1
[12/Aug/2026 17:50:46] GET /api/capture/latest?after=2341 HTTP/1.1
[12/Aug/2026 17:50:47] GET /api/capture/latest?after=2341 HTTP/1.1
[12/Aug/2026 17:50:47] GET /api/status HTTP/1.1
[12/Aug/2026 17:50:48] GET /api/capture/latest?after=2345 HTTP/1.1
[12/Aug/2026 17:50:49] GET /api/capture/latest?after=2355 HTTP/1.1
[12/Aug/2026 17:50:50] GET /api/capture/latest?after=2355 HTTP/1.1
[12/Aug/2026 17:50:51] GET /api/capture/latest?after=2574 HTTP/1.1
[12/Aug/2026 17:50:52] GET /api/capture/latest?after=2583 HTTP/1.1
[12/Aug/2026 17:50:52] GET /api/status HTTP/1.1
[12/Aug/2026 17:50:53] GET /api/capture/latest?after=2583 HTTP/1.1
[12/Aug/2026 17:50:54] GET /api/capture/latest?after=2583 HTTP/1.1
[12/Aug/2026 17:50:55] GET /api/capture/latest?after=2583 HTTP/1.1
[12/Aug/2026 17:50:56] GET /api/capture/latest?after=2583 HTTP/1.1
[12/Aug/2026 17:50:57] GET /api/capture/latest?after=2583 HTTP/1.1
[12/Aug/2026 17:50:57] GET /api/status HTTP/1.1
[12/Aug/2026 17:50:58] GET /api/capture/latest?after=2583 HTTP/1.1
[12/Aug/2026 17:50:59] GET /api/capture/latest?after=2583 HTTP/1.1
[12/Aug/2026 17:51:00] GET /api/capture/latest?after=2589 HTTP/1.1
[12/Aug/2026 17:51:01] GET /api/capture/latest?after=2589 HTTP/1.1
[12/Aug/2026 17:51:02] GET /api/capture/latest?after=2590 HTTP/1.1
[12/Aug/2026 17:51:02] GET /api/status HTTP/1.1
[12/Aug/2026 17:51:03] GET /api/capture/latest?after=2625 HTTP/1.1
[12/Aug/2026 17:51:04] GET /api/capture/latest?after=2652 HTTP/1.1
[12/Aug/2026 17:51:05] GET /api/capture/latest?after=2676 HTTP/1.1
[12/Aug/2026 17:51:06] GET /api/capture/latest?after=2725 HTTP/1.1
[12/Aug/2026 17:51:06] GET /api/capture/latest?after=2336 HTTP/1.1
[12/Aug/2026 17:51:06] GET /api/status HTTP/1.1
[12/Aug/2026 17:51:07] GET /api/capture/latest?after=2737 HTTP/1.1
[12/Aug/2026 17:51:07] GET /api/status HTTP/1.1
[12/Aug/2026 17:51:08] GET /api/capture/latest?after=2737 HTTP/1.1
[12/Aug/2026 17:51:09] GET /api/capture/latest?after=2749 HTTP/1.1
[12/Aug/2026 17:51:10] GET /api/capture/latest?after=2749 HTTP/1.1
[12/Aug/2026 17:51:11] GET /api/capture/latest?after=2749 HTTP/1.1
[12/Aug/2026 17:51:12] GET /api/capture/latest?after=2749 HTTP/1.1
[12/Aug/2026 17:51:12] GET /api/status HTTP/1.1
[12/Aug/2026 17:51:13] GET /api/capture/latest?after=2749 HTTP/1.1
[12/Aug/2026 17:51:14] GET /api/capture/latest?after=2749 HTTP/1.1
[12/Aug/2026 17:51:15] GET /api/capture/latest?after=2749 HTTP/1.1
[12/Aug/2026 17:51:16] GET /api/capture/latest?after=2750 HTTP/1.1
[12/Aug/2026 17:51:17] GET /api/capture/latest?after=2750 HTTP/1.1
[12/Aug/2026 17:51:17] GET /api/status HTTP/1.1
[12/Aug/2026 17:51:18] GET /api/capture/latest?after=2750 HTTP/1.1
[12/Aug/2026 17:51:19] GET /api/capture/latest?after=2750 HTTP/1.1
[12/Aug/2026 17:51:20] GET /api/capture/latest?after=2758 HTTP/1.1
[12/Aug/2026 17:51:21] GET /api/capture/latest?after=2758 HTTP/1.1
[12/Aug/2026 17:51:22] GET /api/capture/latest?after=2758 HTTP/1.1
[12/Aug/2026 17:51:22] GET /api/status HTTP/1.1
[12/Aug/2026 17:51:23] GET /api/capture/latest?after=2758 HTTP/1.1
[12/Aug/2026 17:51:24] GET /api/capture/latest?after=2758 HTTP/1.1
[12/Aug/2026 17:51:25] GET /api/capture/latest?after=2758 HTTP/1.1
[12/Aug/2026 17:51:26] GET /api/capture/latest?after=2758 HTTP/1.1
[12/Aug/2026 17:51:27] GET /api/capture/latest?after=2758 HTTP/1.1
[12/Aug/2026 17:51:27] GET /api/status HTTP/1.1
[12/Aug/2026 17:51:28] GET /api/capture/latest?after=2758 HTTP/1.1
[12/Aug/2026 17:51:29] GET /api/capture/latest?after=2758 HTTP/1.1
[12/Aug/2026 17:51:30] GET /api/capture/latest?after=2758 HTTP/1.1
[12/Aug/2026 17:51:31] GET /api/capture/latest?after=2758 HTTP/1.1
[12/Aug/2026 17:51:32] GET /api/capture/latest?after=2758 HTTP/1.1
[12/Aug/2026 17:51:32] GET /api/status HTTP/1.1
[12/Aug/2026 17:51:33] GET /api/capture/latest?after=2758 HTTP/1.1
[12/Aug/2026 17:51:34] GET /api/capture/latest?after=2758 HTTP/1.1
[12/Aug/2026 17:51:35] GET /api/capture/latest?after=2767 HTTP/1.1
[12/Aug/2026 17:51:36] GET /api/capture/latest?after=2767 HTTP/1.1
[12/Aug/2026 17:51:37] GET /api/capture/latest?after=2767 HTTP/1.1
[12/Aug/2026 17:51:37] GET /api/status HTTP/1.1
[12/Aug/2026 17:51:38] GET /api/capture/latest?after=2767 HTTP/1.1
[12/Aug/2026 17:51:39] GET /api/capture/latest?after=2767 HTTP/1.1
[12/Aug/2026 17:51:40] GET /api/capture/latest?after=2767 HTTP/1.1
[12/Aug/2026 17:51:49] GET /api/capture/latest?after=2767 HTTP/1.1
[12/Aug/2026 17:51:49] GET /api/status HTTP/1.1
[12/Aug/2026 17:51:49] GET /api/capture/latest?after=2767 HTTP/1.1
[12/Aug/2026 17:51:50] GET /api/capture/latest?after=2767 HTTP/1.1
[12/Aug/2026 17:51:50] GET /api/capture/latest?after=2767 HTTP/1.1
[12/Aug/2026 17:51:51] GET /api/capture/latest?after=2767 HTTP/1.1
[12/Aug/2026 17:51:51] GET /api/capture/latest?after=2767 HTTP/1.1
[12/Aug/2026 17:51:52] GET /api/capture/latest?after=2767 HTTP/1.1
[12/Aug/2026 17:51:52] GET /api/status HTTP/1.1
[12/Aug/2026 17:51:52] GET /api/capture/latest?after=2767 HTTP/1.1
[12/Aug/2026 17:51:53] GET /api/capture/latest?after=2767 HTTP/1.1
[12/Aug/2026 17:51:53] GET /api/capture/latest?after=2767 HTTP/1.1
[12/Aug/2026 17:51:54] GET /api/capture/latest?after=2767 HTTP/1.1
[12/Aug/2026 17:51:54] GET /api/capture/latest?after=2767 HTTP/1.1
[12/Aug/2026 17:51:55] GET /api/capture/latest?after=2767 HTTP/1.1
[12/Aug/2026 17:51:55] GET /api/capture/latest?after=2767 HTTP/1.1
[12/Aug/2026 17:51:56] GET /api/capture/latest?after=2767 HTTP/1.1
[12/Aug/2026 17:51:56] GET /api/capture/latest?after=2767 HTTP/1.1
[12/Aug/2026 17:51:57] GET /api/capture/latest?after=2767 HTTP/1.1
[12/Aug/2026 17:51:57] GET /api/status HTTP/1.1
[12/Aug/2026 17:51:57] GET /api/capture/latest?after=2767 HTTP/1.1
[12/Aug/2026 17:51:58] GET /api/capture/latest?after=2767 HTTP/1.1
[12/Aug/2026 17:51:58] GET /api/capture/latest?after=2767 HTTP/1.1
[12/Aug/2026 17:51:59] GET /api/capture/latest?after=2767 HTTP/1.1
[12/Aug/2026 17:51:59] GET /api/capture/latest?after=2767 HTTP/1.1
[12/Aug/2026 17:52:00] GET /api/capture/latest?after=2767 HTTP/1.1
[12/Aug/2026 17:52:00] GET /api/capture/latest?after=2767 HTTP/1.1
[12/Aug/2026 17:52:01] GET /api/capture/latest?after=2767 HTTP/1.1
[12/Aug/2026 17:52:01] GET /api/capture/latest?after=2767 HTTP/1.1
[12/Aug/2026 17:52:02] GET /api/capture/latest?after=2767 HTTP/1.1
[12/Aug/2026 17:52:02] GET /api/status HTTP/1.1
[12/Aug/2026 17:52:02] GET /api/capture/latest?after=2767 HTTP/1.1
[12/Aug/2026 17:52:03] GET /api/capture/latest?after=2770 HTTP/1.1
[12/Aug/2026 17:52:03] GET /api/capture/latest?after=2770 HTTP/1.1
[12/Aug/2026 17:52:04] GET /api/capture/latest?after=2770 HTTP/1.1
[12/Aug/2026 17:52:04] GET /api/capture/latest?after=2770 HTTP/1.1
[12/Aug/2026 17:52:05] GET /api/capture/latest?after=2774 HTTP/1.1
[12/Aug/2026 17:52:05] GET /api/capture/latest?after=2779 HTTP/1.1
[12/Aug/2026 17:52:06] GET /api/capture/latest?after=2781 HTTP/1.1
[12/Aug/2026 17:52:06] GET /api/capture/latest?after=2737 HTTP/1.1
[12/Aug/2026 17:52:06] GET /api/status HTTP/1.1
[12/Aug/2026 17:52:06] GET /api/capture/latest?after=2781 HTTP/1.1
[12/Aug/2026 17:52:07] GET /api/capture/latest?after=2781 HTTP/1.1
[12/Aug/2026 17:52:07] GET /api/status HTTP/1.1
[12/Aug/2026 17:52:07] GET /api/capture/latest?after=2781 HTTP/1.1
[12/Aug/2026 17:52:08] GET /api/capture/latest?after=2781 HTTP/1.1
[12/Aug/2026 17:52:08] GET /api/capture/latest?after=2781 HTTP/1.1
[12/Aug/2026 17:52:09] GET /api/capture/latest?after=2781 HTTP/1.1
[12/Aug/2026 17:52:09] GET /api/capture/latest?after=2781 HTTP/1.1
[12/Aug/2026 17:52:10] GET /api/capture/latest?after=2781 HTTP/1.1
[12/Aug/2026 17:52:10] GET /api/capture/latest?after=2781 HTTP/1.1
[12/Aug/2026 17:52:11] GET /api/capture/latest?after=2781 HTTP/1.1
[12/Aug/2026 17:52:11] GET /api/capture/latest?after=2781 HTTP/1.1
[12/Aug/2026 17:52:12] GET /api/capture/latest?after=2781 HTTP/1.1
[12/Aug/2026 17:52:12] GET /api/status HTTP/1.1
[12/Aug/2026 17:52:12] GET /api/capture/latest?after=2781 HTTP/1.1
[12/Aug/2026 17:52:13] GET /api/capture/latest?after=2781 HTTP/1.1
[12/Aug/2026 17:52:13] GET /api/capture/latest?after=2781 HTTP/1.1
[12/Aug/2026 17:52:14] GET /api/capture/latest?after=2781 HTTP/1.1
[12/Aug/2026 17:52:14] GET /api/capture/latest?after=2781 HTTP/1.1
[12/Aug/2026 17:52:15] GET /api/capture/latest?after=2781 HTTP/1.1
[12/Aug/2026 17:52:15] GET /api/capture/latest?after=2781 HTTP/1.1
[12/Aug/2026 17:52:16] GET /api/capture/latest?after=2781 HTTP/1.1
[12/Aug/2026 17:52:16] GET /api/capture/latest?after=2781 HTTP/1.1
[12/Aug/2026 17:52:17] GET /api/capture/latest?after=2781 HTTP/1.1
[12/Aug/2026 17:52:17] GET /api/status HTTP/1.1
[12/Aug/2026 17:52:17] GET /api/capture/latest?after=2781 HTTP/1.1
[12/Aug/2026 17:52:18] GET /api/capture/latest?after=2781 HTTP/1.1
[12/Aug/2026 17:52:18] GET /api/capture/latest?after=2781 HTTP/1.1
[12/Aug/2026 17:52:19] GET /api/capture/latest?after=2781 HTTP/1.1
[12/Aug/2026 17:52:19] GET /api/capture/latest?after=2781 HTTP/1.1
[12/Aug/2026 17:52:20] GET /api/capture/latest?after=2781 HTTP/1.1
[12/Aug/2026 17:52:20] GET /api/capture/latest?after=2781 HTTP/1.1
[12/Aug/2026 17:52:21] GET /api/capture/latest?after=2781 HTTP/1.1
[12/Aug/2026 17:52:21] GET /api/capture/latest?after=2781 HTTP/1.1
[12/Aug/2026 17:52:22] GET /api/capture/latest?after=2781 HTTP/1.1
[12/Aug/2026 17:52:22] GET /api/status HTTP/1.1
[12/Aug/2026 17:52:22] GET /api/capture/latest?after=2781 HTTP/1.1
[12/Aug/2026 17:52:23] GET /api/capture/latest?after=2781 HTTP/1.1
[12/Aug/2026 17:52:23] GET /api/capture/latest?after=2781 HTTP/1.1
[12/Aug/2026 17:52:24] GET /api/capture/latest?after=2781 HTTP/1.1
[12/Aug/2026 17:52:24] GET /api/capture/latest?after=2781 HTTP/1.1
[12/Aug/2026 17:52:25] GET /api/capture/latest?after=2781 HTTP/1.1
[12/Aug/2026 17:52:25] GET /api/capture/latest?after=2781 HTTP/1.1
[12/Aug/2026 17:52:26] GET /api/capture/latest?after=2781 HTTP/1.1
[12/Aug/2026 17:52:26] GET /api/capture/latest?after=2781 HTTP/1.1
[12/Aug/2026 17:52:27] GET /api/capture/latest?after=2781 HTTP/1.1
[12/Aug/2026 17:52:27] GET /api/status HTTP/1.1
[12/Aug/2026 17:52:27] GET /api/capture/latest?after=2781 HTTP/1.1
[12/Aug/2026 17:52:28] GET /api/capture/latest?after=2781 HTTP/1.1
[12/Aug/2026 17:52:28] GET /api/capture/latest?after=2781 HTTP/1.1
[12/Aug/2026 17:52:29] GET /api/capture/latest?after=2781 HTTP/1.1
[12/Aug/2026 17:52:29] GET /api/capture/latest?after=2781 HTTP/1.1
[12/Aug/2026 17:52:30] GET /api/capture/latest?after=2781 HTTP/1.1
[12/Aug/2026 17:52:30] GET /api/capture/latest?after=2781 HTTP/1.1
[12/Aug/2026 17:52:31] GET /api/capture/latest?after=2781 HTTP/1.1
[12/Aug/2026 17:52:31] GET /api/capture/latest?after=2781 HTTP/1.1
[12/Aug/2026 17:52:32] GET /api/capture/latest?after=2781 HTTP/1.1
[12/Aug/2026 17:52:32] GET /api/status HTTP/1.1
[12/Aug/2026 17:52:32] GET /api/capture/latest?after=2781 HTTP/1.1
[12/Aug/2026 17:52:33] GET /api/capture/latest?after=2781 HTTP/1.1
[12/Aug/2026 17:52:33] GET /api/capture/latest?after=2781 HTTP/1.1
[12/Aug/2026 17:52:34] GET /api/capture/latest?after=2782 HTTP/1.1
[12/Aug/2026 17:52:34] GET /api/capture/latest?after=2782 HTTP/1.1
[12/Aug/2026 17:52:35] GET /api/capture/latest?after=2782 HTTP/1.1
[12/Aug/2026 17:52:35] GET /api/capture/latest?after=2782 HTTP/1.1
[12/Aug/2026 17:52:36] GET /api/capture/latest?after=2782 HTTP/1.1
[12/Aug/2026 17:52:36] GET /api/capture/latest?after=2782 HTTP/1.1
[12/Aug/2026 17:52:37] GET /api/capture/latest?after=2782 HTTP/1.1
[12/Aug/2026 17:52:37] GET /api/status HTTP/1.1
[12/Aug/2026 17:52:37] GET /api/capture/latest?after=2782 HTTP/1.1
[12/Aug/2026 17:52:38] GET /api/capture/latest?after=2782 HTTP/1.1
[12/Aug/2026 17:52:38] GET /api/capture/latest?after=2782 HTTP/1.1
[12/Aug/2026 17:52:39] GET /api/capture/latest?after=2782 HTTP/1.1
[12/Aug/2026 17:52:39] GET /api/capture/latest?after=2782 HTTP/1.1
[12/Aug/2026 17:52:40] GET /api/capture/latest?after=2782 HTTP/1.1
[12/Aug/2026 17:52:40] GET /api/capture/latest?after=2782 HTTP/1.1
[12/Aug/2026 17:52:41] GET /api/capture/latest?after=2782 HTTP/1.1
[12/Aug/2026 17:52:41] GET /api/capture/latest?after=2782 HTTP/1.1
[12/Aug/2026 17:52:42] GET /api/capture/latest?after=2782 HTTP/1.1
[12/Aug/2026 17:52:42] GET /api/status HTTP/1.1
[12/Aug/2026 17:52:42] GET /api/capture/latest?after=2782 HTTP/1.1
[12/Aug/2026 17:52:43] GET /api/capture/latest?after=2782 HTTP/1.1
[12/Aug/2026 17:52:43] GET /api/capture/latest?after=2782 HTTP/1.1
[12/Aug/2026 17:52:44] GET /api/capture/latest?after=2782 HTTP/1.1
[12/Aug/2026 17:52:44] GET /api/capture/latest?after=2782 HTTP/1.1
[12/Aug/2026 17:52:45] GET /api/capture/latest?after=2782 HTTP/1.1
[12/Aug/2026 17:52:45] GET /api/capture/latest?after=2782 HTTP/1.1
[12/Aug/2026 17:52:46] GET /api/capture/latest?after=2782 HTTP/1.1
[12/Aug/2026 17:52:46] GET /api/capture/latest?after=2782 HTTP/1.1
[12/Aug/2026 17:52:47] GET /api/capture/latest?after=2782 HTTP/1.1
[12/Aug/2026 17:52:47] GET /api/status HTTP/1.1
[12/Aug/2026 17:52:47] GET /api/capture/latest?after=2782 HTTP/1.1
[12/Aug/2026 17:52:48] GET /api/capture/latest?after=2782 HTTP/1.1
[12/Aug/2026 17:52:48] GET /api/capture/latest?after=2782 HTTP/1.1
[12/Aug/2026 17:52:49] GET /api/capture/latest?after=2782 HTTP/1.1
[12/Aug/2026 17:52:49] GET /api/capture/latest?after=2782 HTTP/1.1
[12/Aug/2026 17:52:50] GET /api/capture/latest?after=2782 HTTP/1.1
[12/Aug/2026 17:52:50] GET /api/capture/latest?after=2782 HTTP/1.1
[12/Aug/2026 17:52:51] GET /api/capture/latest?after=2782 HTTP/1.1
[12/Aug/2026 17:52:51] GET /api/capture/latest?after=2782 HTTP/1.1
[12/Aug/2026 17:52:52] GET /api/capture/latest?after=2782 HTTP/1.1
[12/Aug/2026 17:52:52] GET /api/status HTTP/1.1
[12/Aug/2026 17:52:52] GET /api/capture/latest?after=2782 HTTP/1.1
[12/Aug/2026 17:52:53] GET /api/capture/latest?after=2782 HTTP/1.1
[12/Aug/2026 17:52:53] GET /api/capture/latest?after=2782 HTTP/1.1
[12/Aug/2026 17:52:54] GET /api/capture/latest?after=2782 HTTP/1.1
[12/Aug/2026 17:52:54] GET /api/capture/latest?after=2782 HTTP/1.1
[12/Aug/2026 17:52:55] GET /api/capture/latest?after=2782 HTTP/1.1
[12/Aug/2026 17:52:55] GET /api/capture/latest?after=2782 HTTP/1.1
[12/Aug/2026 17:52:56] GET /api/capture/latest?after=2782 HTTP/1.1
[12/Aug/2026 17:52:56] GET /api/capture/latest?after=2782 HTTP/1.1
[12/Aug/2026 17:52:57] GET /api/capture/latest?after=2782 HTTP/1.1
[12/Aug/2026 17:52:57] GET /api/status HTTP/1.1
[12/Aug/2026 17:52:57] GET /api/capture/latest?after=2782 HTTP/1.1
[12/Aug/2026 17:52:58] GET /api/capture/latest?after=2782 HTTP/1.1
[12/Aug/2026 17:52:58] GET /api/capture/latest?after=2782 HTTP/1.1
[12/Aug/2026 17:52:59] GET /api/capture/latest?after=2782 HTTP/1.1
[12/Aug/2026 17:52:59] GET /api/capture/latest?after=2782 HTTP/1.1
[12/Aug/2026 17:53:00] GET /api/capture/latest?after=2782 HTTP/1.1
[12/Aug/2026 17:53:00] GET /api/capture/latest?after=2782 HTTP/1.1
[12/Aug/2026 17:53:01] GET /api/capture/latest?after=2782 HTTP/1.1
[12/Aug/2026 17:53:01] GET /api/capture/latest?after=2782 HTTP/1.1
[12/Aug/2026 17:53:02] GET /api/capture/latest?after=2783 HTTP/1.1
[12/Aug/2026 17:53:02] GET /api/status HTTP/1.1
[12/Aug/2026 17:53:02] GET /api/capture/latest?after=2783 HTTP/1.1
[12/Aug/2026 17:53:03] GET /api/capture/latest?after=2783 HTTP/1.1
[12/Aug/2026 17:53:03] GET /api/capture/latest?after=2783 HTTP/1.1
[12/Aug/2026 17:53:04] GET /api/capture/latest?after=2783 HTTP/1.1
[12/Aug/2026 17:53:04] GET /api/capture/latest?after=2783 HTTP/1.1
[12/Aug/2026 17:53:05] GET /api/capture/latest?after=2783 HTTP/1.1
[12/Aug/2026 17:53:05] GET /api/capture/latest?after=2783 HTTP/1.1
[12/Aug/2026 17:53:06] GET /api/capture/latest?after=2783 HTTP/1.1
[12/Aug/2026 17:53:06] GET /api/capture/latest?after=2781 HTTP/1.1
[12/Aug/2026 17:53:06] GET /api/status HTTP/1.1
[12/Aug/2026 17:53:07] GET /api/capture/latest?after=2783 HTTP/1.1
[12/Aug/2026 17:53:07] GET /api/status HTTP/1.1
[12/Aug/2026 17:53:08] GET /api/capture/latest?after=2783 HTTP/1.1
[12/Aug/2026 17:53:09] GET /api/capture/latest?after=2783 HTTP/1.1
[12/Aug/2026 17:53:10] GET /api/capture/latest?after=2783 HTTP/1.1
[12/Aug/2026 17:53:11] GET /api/capture/latest?after=2783 HTTP/1.1
[12/Aug/2026 17:53:12] GET /api/capture/latest?after=2783 HTTP/1.1
[12/Aug/2026 17:53:12] GET /api/status HTTP/1.1
[12/Aug/2026 17:53:13] GET /api/capture/latest?after=2783 HTTP/1.1
[12/Aug/2026 17:53:14] GET /api/capture/latest?after=2783 HTTP/1.1
[12/Aug/2026 17:53:15] GET /api/capture/latest?after=2783 HTTP/1.1
[12/Aug/2026 17:53:16] GET /api/capture/latest?after=2783 HTTP/1.1
[12/Aug/2026 17:53:17] GET /api/capture/latest?after=2783 HTTP/1.1
[12/Aug/2026 17:53:17] GET /api/status HTTP/1.1
[12/Aug/2026 17:53:18] GET /api/capture/latest?after=2783 HTTP/1.1
[12/Aug/2026 17:53:19] GET /api/capture/latest?after=2783 HTTP/1.1
[12/Aug/2026 17:53:20] GET /api/capture/latest?after=2783 HTTP/1.1
[12/Aug/2026 17:53:21] GET /api/capture/latest?after=2783 HTTP/1.1
[12/Aug/2026 17:53:22] GET /api/capture/latest?after=2783 HTTP/1.1
[12/Aug/2026 17:53:22] GET /api/status HTTP/1.1
[12/Aug/2026 17:53:23] GET /api/capture/latest?after=2783 HTTP/1.1
[12/Aug/2026 17:53:24] GET /api/capture/latest?after=2783 HTTP/1.1
[12/Aug/2026 17:53:25] GET /api/capture/latest?after=2783 HTTP/1.1
[12/Aug/2026 17:53:26] GET /api/capture/latest?after=2783 HTTP/1.1
[12/Aug/2026 17:53:27] GET /api/capture/latest?after=2783 HTTP/1.1
[12/Aug/2026 17:53:27] GET /api/status HTTP/1.1
[12/Aug/2026 17:53:28] GET /api/capture/latest?after=2783 HTTP/1.1
[12/Aug/2026 17:53:29] GET /api/capture/latest?after=2783 HTTP/1.1
[12/Aug/2026 17:53:30] GET /api/capture/latest?after=2783 HTTP/1.1
[12/Aug/2026 17:53:31] GET /api/capture/latest?after=2784 HTTP/1.1
[12/Aug/2026 17:53:32] GET /api/capture/latest?after=2784 HTTP/1.1
[12/Aug/2026 17:53:32] GET /api/status HTTP/1.1
[12/Aug/2026 17:53:33] GET /api/capture/latest?after=2784 HTTP/1.1
[12/Aug/2026 17:53:34] GET /api/capture/latest?after=2784 HTTP/1.1
[12/Aug/2026 17:53:35] GET /api/capture/latest?after=2784 HTTP/1.1
[12/Aug/2026 17:53:36] GET /api/capture/latest?after=2784 HTTP/1.1
[12/Aug/2026 17:53:37] GET /api/capture/latest?after=2784 HTTP/1.1
[12/Aug/2026 17:53:37] GET /api/status HTTP/1.1
[12/Aug/2026 17:53:38] GET /api/capture/latest?after=2784 HTTP/1.1
[12/Aug/2026 17:53:39] GET /api/capture/latest?after=2784 HTTP/1.1
[12/Aug/2026 17:53:40] GET /api/capture/latest?after=2784 HTTP/1.1
[12/Aug/2026 17:53:41] GET /api/capture/latest?after=2784 HTTP/1.1
[12/Aug/2026 17:53:42] GET /api/capture/latest?after=2784 HTTP/1.1
[12/Aug/2026 17:53:42] GET /api/status HTTP/1.1
[12/Aug/2026 17:53:43] GET /api/capture/latest?after=2784 HTTP/1.1
[12/Aug/2026 17:53:44] GET /api/capture/latest?after=2784 HTTP/1.1
[12/Aug/2026 17:53:45] GET /api/capture/latest?after=2784 HTTP/1.1
[12/Aug/2026 17:53:46] GET /api/capture/latest?after=2784 HTTP/1.1
[12/Aug/2026 17:53:47] GET /api/capture/latest?after=2784 HTTP/1.1
[12/Aug/2026 17:53:47] GET /api/status HTTP/1.1
[12/Aug/2026 17:53:48] GET /api/capture/latest?after=2784 HTTP/1.1
[12/Aug/2026 17:53:49] GET /api/capture/latest?after=2784 HTTP/1.1
[12/Aug/2026 17:53:50] GET /api/capture/latest?after=2784 HTTP/1.1
[12/Aug/2026 17:53:51] GET /api/capture/latest?after=2784 HTTP/1.1
[12/Aug/2026 17:53:52] GET /api/capture/latest?after=2784 HTTP/1.1
[12/Aug/2026 17:53:52] GET /api/status HTTP/1.1
[12/Aug/2026 17:53:53] GET /api/capture/latest?after=2784 HTTP/1.1
[12/Aug/2026 17:53:54] GET /api/capture/latest?after=2784 HTTP/1.1
[12/Aug/2026 17:53:55] GET /api/capture/latest?after=2784 HTTP/1.1
[12/Aug/2026 17:53:56] GET /api/capture/latest?after=2784 HTTP/1.1
[12/Aug/2026 17:53:57] GET /api/capture/latest?after=2784 HTTP/1.1
[12/Aug/2026 17:53:57] GET /api/status HTTP/1.1
[12/Aug/2026 17:53:58] GET /api/capture/latest?after=2784 HTTP/1.1
[12/Aug/2026 17:53:59] GET /api/capture/latest?after=2785 HTTP/1.1
[12/Aug/2026 17:54:00] GET /api/capture/latest?after=2785 HTTP/1.1
[12/Aug/2026 17:54:01] GET /api/capture/latest?after=2785 HTTP/1.1
[12/Aug/2026 17:54:02] GET /api/capture/latest?after=2785 HTTP/1.1
[12/Aug/2026 17:54:02] GET /api/status HTTP/1.1
[12/Aug/2026 17:54:03] GET /api/capture/latest?after=2785 HTTP/1.1
[12/Aug/2026 17:54:04] GET /api/capture/latest?after=2785 HTTP/1.1
[12/Aug/2026 17:54:05] GET /api/capture/latest?after=2785 HTTP/1.1
[12/Aug/2026 17:54:06] GET /api/capture/latest?after=2783 HTTP/1.1
[12/Aug/2026 17:54:06] GET /api/capture/latest?after=2785 HTTP/1.1
[12/Aug/2026 17:54:06] GET /api/status HTTP/1.1
[12/Aug/2026 17:55:06] GET /api/capture/latest?after=2785 HTTP/1.1
[12/Aug/2026 17:55:06] GET /api/capture/latest?after=2785 HTTP/1.1
[12/Aug/2026 17:55:06] GET /api/status HTTP/1.1
[12/Aug/2026 17:55:06] GET /api/status HTTP/1.1
[12/Aug/2026 17:56:06] GET /api/capture/latest?after=2787 HTTP/1.1
[12/Aug/2026 17:56:06] GET /api/capture/latest?after=2787 HTTP/1.1
[12/Aug/2026 17:56:06] GET /api/status HTTP/1.1
[12/Aug/2026 17:56:06] GET /api/status HTTP/1.1
[12/Aug/2026 17:57:06] GET /api/capture/latest?after=2789 HTTP/1.1
[12/Aug/2026 17:57:06] GET /api/capture/latest?after=2789 HTTP/1.1
[12/Aug/2026 17:57:06] GET /api/status HTTP/1.1
[12/Aug/2026 17:57:06] GET /api/status HTTP/1.1
[12/Aug/2026 17:57:53] GET /api/capture/latest?after=2791 HTTP/1.1
[12/Aug/2026 17:57:53] GET /api/status HTTP/1.1
[12/Aug/2026 17:57:53] GET /api/capture/latest?after=2793 HTTP/1.1
[12/Aug/2026 17:57:54] GET /api/capture/latest?after=2793 HTTP/1.1
[12/Aug/2026 17:57:54] GET /api/capture/latest?after=2793 HTTP/1.1
[12/Aug/2026 17:57:55] GET /api/capture/latest?after=2793 HTTP/1.1
[12/Aug/2026 17:57:55] GET /api/capture/latest?after=2793 HTTP/1.1
[12/Aug/2026 17:57:56] GET /api/capture/latest?after=2793 HTTP/1.1
[12/Aug/2026 17:57:56] GET /api/capture/latest?after=2793 HTTP/1.1
[12/Aug/2026 17:57:57] GET /api/capture/latest?after=2793 HTTP/1.1
[12/Aug/2026 17:57:57] GET /api/status HTTP/1.1
[12/Aug/2026 17:57:57] GET /api/capture/latest?after=2793 HTTP/1.1
[12/Aug/2026 17:57:58] GET /api/capture/latest?after=2793 HTTP/1.1
[12/Aug/2026 17:57:58] GET /api/capture/latest?after=2793 HTTP/1.1
[12/Aug/2026 17:57:59] GET /api/capture/latest?after=2793 HTTP/1.1
[12/Aug/2026 17:57:59] GET /api/capture/latest?after=2793 HTTP/1.1
[12/Aug/2026 17:58:00] GET /api/capture/latest?after=2793 HTTP/1.1
[12/Aug/2026 17:58:00] GET /api/capture/latest?after=2793 HTTP/1.1
[12/Aug/2026 17:58:01] GET /api/capture/latest?after=2793 HTTP/1.1
[12/Aug/2026 17:58:01] GET /api/capture/latest?after=2793 HTTP/1.1
[12/Aug/2026 17:58:02] GET /api/capture/latest?after=2793 HTTP/1.1
[12/Aug/2026 17:58:02] GET /api/status HTTP/1.1
[12/Aug/2026 17:58:02] GET /api/capture/latest?after=2793 HTTP/1.1
[12/Aug/2026 17:58:03] GET /api/capture/latest?after=2793 HTTP/1.1
[12/Aug/2026 17:58:03] GET /api/capture/latest?after=2793 HTTP/1.1
[12/Aug/2026 17:58:04] GET /api/capture/latest?after=2793 HTTP/1.1
[12/Aug/2026 17:58:04] GET /api/capture/latest?after=2793 HTTP/1.1
[12/Aug/2026 17:58:05] GET /api/capture/latest?after=2793 HTTP/1.1
[12/Aug/2026 17:58:05] GET /api/capture/latest?after=2793 HTTP/1.1
[12/Aug/2026 17:58:06] GET /api/capture/latest?after=2793 HTTP/1.1
[12/Aug/2026 17:58:06] GET /api/capture/latest?after=2791 HTTP/1.1
[12/Aug/2026 17:58:06] GET /api/status HTTP/1.1
[12/Aug/2026 17:58:06] GET /api/capture/latest?after=2793 HTTP/1.1
[12/Aug/2026 17:58:07] GET /api/capture/latest?after=2793 HTTP/1.1
[12/Aug/2026 17:58:07] GET /api/status HTTP/1.1
[12/Aug/2026 17:58:07] GET /api/capture/latest?after=2793 HTTP/1.1
[12/Aug/2026 17:58:08] GET /api/capture/latest?after=2793 HTTP/1.1
[12/Aug/2026 17:58:08] GET /api/capture/latest?after=2793 HTTP/1.1
[12/Aug/2026 17:58:09] GET /api/capture/latest?after=2793 HTTP/1.1
[12/Aug/2026 17:58:09] GET /api/capture/latest?after=2793 HTTP/1.1
[12/Aug/2026 17:58:10] GET /api/capture/latest?after=2793 HTTP/1.1
[12/Aug/2026 17:58:10] GET /api/capture/latest?after=2793 HTTP/1.1
[12/Aug/2026 17:58:11] GET /api/capture/latest?after=2793 HTTP/1.1
[12/Aug/2026 17:58:11] GET /api/capture/latest?after=2793 HTTP/1.1
[12/Aug/2026 17:58:12] GET /api/capture/latest?after=2794 HTTP/1.1
[12/Aug/2026 17:58:12] GET /api/status HTTP/1.1
[12/Aug/2026 17:58:12] GET /api/capture/latest?after=2794 HTTP/1.1
[12/Aug/2026 17:58:13] GET /api/capture/latest?after=2794 HTTP/1.1
[12/Aug/2026 17:58:13] GET /api/capture/latest?after=2794 HTTP/1.1
[12/Aug/2026 17:58:14] GET /api/capture/latest?after=2794 HTTP/1.1
[12/Aug/2026 17:58:14] GET /api/capture/latest?after=2794 HTTP/1.1
[12/Aug/2026 17:58:15] GET /api/capture/latest?after=2794 HTTP/1.1
[12/Aug/2026 17:58:15] GET /api/capture/latest?after=2794 HTTP/1.1
[12/Aug/2026 17:58:16] GET /api/capture/latest?after=2794 HTTP/1.1
[12/Aug/2026 17:58:16] GET /api/capture/latest?after=2794 HTTP/1.1
[12/Aug/2026 17:58:17] GET /api/capture/latest?after=2794 HTTP/1.1
[12/Aug/2026 17:58:17] GET /api/status HTTP/1.1
[12/Aug/2026 17:58:17] GET /api/capture/latest?after=2794 HTTP/1.1
[12/Aug/2026 17:58:18] GET /api/capture/latest?after=2794 HTTP/1.1
[12/Aug/2026 17:58:18] GET /api/capture/latest?after=2794 HTTP/1.1
[12/Aug/2026 17:58:19] GET /api/capture/latest?after=2794 HTTP/1.1
[12/Aug/2026 17:58:19] GET /api/capture/latest?after=2794 HTTP/1.1
[12/Aug/2026 17:58:20] GET /api/capture/latest?after=2794 HTTP/1.1
[12/Aug/2026 17:58:20] GET /api/capture/latest?after=2794 HTTP/1.1
[12/Aug/2026 17:58:21] GET /api/capture/latest?after=2794 HTTP/1.1
[12/Aug/2026 17:58:21] GET /api/capture/latest?after=2794 HTTP/1.1
[12/Aug/2026 17:58:22] GET /api/capture/latest?after=2794 HTTP/1.1
[12/Aug/2026 17:58:22] GET /api/status HTTP/1.1
[12/Aug/2026 17:58:22] GET /api/capture/latest?after=2794 HTTP/1.1
[12/Aug/2026 17:58:23] GET /api/capture/latest?after=2794 HTTP/1.1
[12/Aug/2026 17:58:23] GET /api/capture/latest?after=2794 HTTP/1.1
[12/Aug/2026 17:58:24] GET /api/capture/latest?after=2794 HTTP/1.1
[12/Aug/2026 17:58:24] GET /api/capture/latest?after=2794 HTTP/1.1
[12/Aug/2026 17:58:25] GET /api/capture/latest?after=2794 HTTP/1.1
[12/Aug/2026 17:58:25] GET /api/capture/latest?after=2794 HTTP/1.1
[12/Aug/2026 17:58:26] GET /api/capture/latest?after=2794 HTTP/1.1
[12/Aug/2026 17:58:26] GET /api/capture/latest?after=2794 HTTP/1.1
[12/Aug/2026 17:58:27] GET /api/capture/latest?after=2794 HTTP/1.1
[12/Aug/2026 17:58:27] GET /api/status HTTP/1.1
[12/Aug/2026 17:58:27] GET /api/capture/latest?after=2794 HTTP/1.1
[12/Aug/2026 17:58:28] GET /api/capture/latest?after=2794 HTTP/1.1
[12/Aug/2026 17:58:28] GET /api/capture/latest?after=2794 HTTP/1.1
[12/Aug/2026 17:58:29] GET /api/capture/latest?after=2794 HTTP/1.1
[12/Aug/2026 17:58:29] GET /api/capture/latest?after=2794 HTTP/1.1
[12/Aug/2026 17:58:30] GET /api/capture/latest?after=2794 HTTP/1.1
[12/Aug/2026 17:58:30] GET /api/capture/latest?after=2794 HTTP/1.1
[12/Aug/2026 17:58:31] GET /api/capture/latest?after=2794 HTTP/1.1
[12/Aug/2026 17:58:31] GET /api/capture/latest?after=2794 HTTP/1.1
[12/Aug/2026 17:58:32] GET /api/capture/latest?after=2794 HTTP/1.1
[12/Aug/2026 17:58:32] GET /api/status HTTP/1.1
[12/Aug/2026 17:58:32] GET /api/capture/latest?after=2794 HTTP/1.1
[12/Aug/2026 17:58:33] GET /api/capture/latest?after=2794 HTTP/1.1
[12/Aug/2026 17:58:33] GET /api/capture/latest?after=2794 HTTP/1.1
[12/Aug/2026 17:58:34] GET /api/capture/latest?after=2794 HTTP/1.1
[12/Aug/2026 17:58:34] GET /api/capture/latest?after=2794 HTTP/1.1
[12/Aug/2026 17:58:35] GET /api/capture/latest?after=2794 HTTP/1.1
[12/Aug/2026 17:58:35] GET /api/capture/latest?after=2794 HTTP/1.1
[12/Aug/2026 17:58:36] GET /api/capture/latest?after=2794 HTTP/1.1
[12/Aug/2026 17:58:36] GET /api/capture/latest?after=2794 HTTP/1.1
[12/Aug/2026 17:58:37] GET /api/capture/latest?after=2794 HTTP/1.1
[12/Aug/2026 17:58:37] GET /api/status HTTP/1.1
[12/Aug/2026 17:58:37] GET /api/capture/latest?after=2794 HTTP/1.1
[12/Aug/2026 17:58:38] GET /api/capture/latest?after=2794 HTTP/1.1
[12/Aug/2026 17:58:38] GET /api/capture/latest?after=2794 HTTP/1.1
[12/Aug/2026 17:58:39] GET /api/capture/latest?after=2794 HTTP/1.1
[12/Aug/2026 17:58:39] GET /api/capture/latest?after=2794 HTTP/1.1
[12/Aug/2026 17:58:40] GET /api/capture/latest?after=2795 HTTP/1.1
[12/Aug/2026 17:58:40] GET /api/capture/latest?after=2795 HTTP/1.1
[12/Aug/2026 17:58:41] GET /api/capture/latest?after=2795 HTTP/1.1
[12/Aug/2026 17:58:41] GET /api/capture/latest?after=2795 HTTP/1.1
[12/Aug/2026 17:58:42] GET /api/capture/latest?after=2795 HTTP/1.1
[12/Aug/2026 17:58:42] GET /api/status HTTP/1.1
[12/Aug/2026 17:58:42] GET /api/capture/latest?after=2795 HTTP/1.1
[12/Aug/2026 17:58:43] GET /api/capture/latest?after=2795 HTTP/1.1
[12/Aug/2026 17:58:43] GET /api/capture/latest?after=2795 HTTP/1.1
[12/Aug/2026 17:58:44] GET /api/capture/latest?after=2795 HTTP/1.1
[12/Aug/2026 17:58:44] GET /api/capture/latest?after=2795 HTTP/1.1
[12/Aug/2026 17:58:45] GET /api/capture/latest?after=2795 HTTP/1.1
[12/Aug/2026 17:58:45] GET /api/capture/latest?after=2795 HTTP/1.1
[12/Aug/2026 17:58:46] GET /api/capture/latest?after=2795 HTTP/1.1
[12/Aug/2026 17:58:46] GET /api/capture/latest?after=2795 HTTP/1.1
[12/Aug/2026 17:58:47] GET /api/capture/latest?after=2795 HTTP/1.1
[12/Aug/2026 17:58:47] GET /api/status HTTP/1.1
[12/Aug/2026 17:58:47] GET /api/capture/latest?after=2795 HTTP/1.1
[12/Aug/2026 17:58:48] GET /api/capture/latest?after=2795 HTTP/1.1
[12/Aug/2026 17:58:48] GET /api/capture/latest?after=2795 HTTP/1.1
[12/Aug/2026 17:58:49] GET /api/capture/latest?after=2795 HTTP/1.1
[12/Aug/2026 17:58:49] GET /api/capture/latest?after=2795 HTTP/1.1
[12/Aug/2026 17:58:50] GET /api/capture/latest?after=2795 HTTP/1.1
[12/Aug/2026 17:58:50] GET /api/capture/latest?after=2795 HTTP/1.1
[12/Aug/2026 17:58:51] GET /api/capture/latest?after=2795 HTTP/1.1
[12/Aug/2026 17:58:51] GET /api/capture/latest?after=2795 HTTP/1.1
[12/Aug/2026 17:58:52] GET /api/capture/latest?after=2795 HTTP/1.1
[12/Aug/2026 17:58:52] GET /api/status HTTP/1.1
[12/Aug/2026 17:58:52] GET /api/capture/latest?after=2795 HTTP/1.1
[12/Aug/2026 17:58:53] GET /api/capture/latest?after=2795 HTTP/1.1
[12/Aug/2026 17:58:53] GET /api/capture/latest?after=2795 HTTP/1.1
[12/Aug/2026 17:58:54] GET /api/capture/latest?after=2795 HTTP/1.1
[12/Aug/2026 17:58:54] GET /api/capture/latest?after=2795 HTTP/1.1
[12/Aug/2026 17:58:55] GET /api/capture/latest?after=2795 HTTP/1.1
[12/Aug/2026 17:58:55] GET /api/capture/latest?after=2795 HTTP/1.1
[12/Aug/2026 17:58:56] GET /api/capture/latest?after=2795 HTTP/1.1
[12/Aug/2026 17:58:56] GET /api/capture/latest?after=2795 HTTP/1.1
[12/Aug/2026 17:58:57] GET /api/capture/latest?after=2795 HTTP/1.1
[12/Aug/2026 17:58:57] GET /api/status HTTP/1.1
[12/Aug/2026 17:58:57] GET /api/capture/latest?after=2795 HTTP/1.1
[12/Aug/2026 17:58:58] GET /api/capture/latest?after=2795 HTTP/1.1
[12/Aug/2026 17:58:58] GET /api/capture/latest?after=2795 HTTP/1.1
[12/Aug/2026 17:58:59] GET /api/capture/latest?after=2795 HTTP/1.1
[12/Aug/2026 17:58:59] GET /api/capture/latest?after=2795 HTTP/1.1
[12/Aug/2026 17:59:00] GET /api/capture/latest?after=2795 HTTP/1.1
[12/Aug/2026 17:59:00] GET /api/capture/latest?after=2795 HTTP/1.1
[12/Aug/2026 17:59:01] GET /api/capture/latest?after=2795 HTTP/1.1
[12/Aug/2026 17:59:01] GET /api/capture/latest?after=2795 HTTP/1.1
[12/Aug/2026 17:59:02] GET /api/capture/latest?after=2795 HTTP/1.1
[12/Aug/2026 17:59:02] GET /api/status HTTP/1.1
[12/Aug/2026 17:59:02] GET /api/capture/latest?after=2795 HTTP/1.1
[12/Aug/2026 17:59:03] GET /api/capture/latest?after=2795 HTTP/1.1
[12/Aug/2026 17:59:03] GET /api/capture/latest?after=2795 HTTP/1.1
[12/Aug/2026 17:59:04] GET /api/capture/latest?after=2795 HTTP/1.1
[12/Aug/2026 17:59:04] GET /api/capture/latest?after=2795 HTTP/1.1
[12/Aug/2026 17:59:05] GET /api/capture/latest?after=2795 HTTP/1.1
[12/Aug/2026 17:59:05] GET /api/capture/latest?after=2795 HTTP/1.1
[12/Aug/2026 17:59:06] GET /api/capture/latest?after=2795 HTTP/1.1
[12/Aug/2026 17:59:06] GET /api/capture/latest?after=2793 HTTP/1.1
[12/Aug/2026 17:59:06] GET /api/status HTTP/1.1
[12/Aug/2026 17:59:06] GET /api/capture/latest?after=2795 HTTP/1.1
[12/Aug/2026 17:59:07] GET /api/capture/latest?after=2795 HTTP/1.1
[12/Aug/2026 17:59:07] GET /api/status HTTP/1.1
[12/Aug/2026 17:59:08] GET /api/capture/latest?after=2795 HTTP/1.1
[12/Aug/2026 17:59:09] GET /api/capture/latest?after=2796 HTTP/1.1
[12/Aug/2026 17:59:10] GET /api/capture/latest?after=2796 HTTP/1.1
[12/Aug/2026 17:59:11] GET /api/capture/latest?after=2796 HTTP/1.1
[12/Aug/2026 17:59:12] GET /api/capture/latest?after=2796 HTTP/1.1
[12/Aug/2026 17:59:12] GET /api/status HTTP/1.1
[12/Aug/2026 17:59:13] GET /api/capture/latest?after=2796 HTTP/1.1
[12/Aug/2026 17:59:14] GET /api/capture/latest?after=2796 HTTP/1.1
[12/Aug/2026 17:59:15] GET /api/capture/latest?after=2796 HTTP/1.1
[12/Aug/2026 17:59:16] GET /api/capture/latest?after=2796 HTTP/1.1
[12/Aug/2026 17:59:17] GET /api/capture/latest?after=2796 HTTP/1.1
[12/Aug/2026 17:59:17] GET /api/status HTTP/1.1
[12/Aug/2026 17:59:18] GET /api/capture/latest?after=2796 HTTP/1.1
[12/Aug/2026 17:59:19] GET /api/capture/latest?after=2796 HTTP/1.1
[12/Aug/2026 17:59:20] GET /api/capture/latest?after=2796 HTTP/1.1
[12/Aug/2026 17:59:21] GET /api/capture/latest?after=2796 HTTP/1.1
[12/Aug/2026 17:59:22] GET /api/capture/latest?after=2796 HTTP/1.1
[12/Aug/2026 17:59:22] GET /api/status HTTP/1.1
[12/Aug/2026 17:59:23] GET /api/capture/latest?after=2796 HTTP/1.1
[12/Aug/2026 17:59:24] GET /api/capture/latest?after=2796 HTTP/1.1
[12/Aug/2026 17:59:25] GET /api/capture/latest?after=2796 HTTP/1.1
[12/Aug/2026 17:59:26] GET /api/capture/latest?after=2796 HTTP/1.1
[12/Aug/2026 17:59:27] GET /api/capture/latest?after=2796 HTTP/1.1
[12/Aug/2026 17:59:27] GET /api/status HTTP/1.1
[12/Aug/2026 17:59:28] GET /api/capture/latest?after=2796 HTTP/1.1
[12/Aug/2026 17:59:29] GET /api/capture/latest?after=2796 HTTP/1.1
[12/Aug/2026 17:59:30] GET /api/capture/latest?after=2796 HTTP/1.1
[12/Aug/2026 17:59:31] GET /api/capture/latest?after=2796 HTTP/1.1
[12/Aug/2026 17:59:32] GET /api/capture/latest?after=2796 HTTP/1.1
[12/Aug/2026 17:59:32] GET /api/status HTTP/1.1
[12/Aug/2026 17:59:33] GET /api/capture/latest?after=2796 HTTP/1.1
[12/Aug/2026 17:59:34] GET /api/capture/latest?after=2796 HTTP/1.1
[12/Aug/2026 17:59:35] GET /api/capture/latest?after=2796 HTTP/1.1
[12/Aug/2026 17:59:36] GET /api/capture/latest?after=2796 HTTP/1.1
[12/Aug/2026 17:59:37] GET /api/capture/latest?after=2797 HTTP/1.1
[12/Aug/2026 17:59:37] GET /api/status HTTP/1.1
[12/Aug/2026 17:59:38] GET /api/capture/latest?after=2797 HTTP/1.1
[12/Aug/2026 17:59:39] GET /api/capture/latest?after=2797 HTTP/1.1
[12/Aug/2026 17:59:40] GET /api/capture/latest?after=2797 HTTP/1.1
[12/Aug/2026 17:59:41] GET /api/capture/latest?after=2797 HTTP/1.1
[12/Aug/2026 17:59:42] GET /api/capture/latest?after=2797 HTTP/1.1
[12/Aug/2026 17:59:42] GET /api/status HTTP/1.1
[12/Aug/2026 17:59:43] GET /api/capture/latest?after=2797 HTTP/1.1
[12/Aug/2026 17:59:44] GET /api/capture/latest?after=2797 HTTP/1.1
[12/Aug/2026 17:59:45] GET /api/capture/latest?after=2797 HTTP/1.1
[12/Aug/2026 17:59:46] GET /api/capture/latest?after=2797 HTTP/1.1
[12/Aug/2026 17:59:47] GET /api/capture/latest?after=2797 HTTP/1.1
[12/Aug/2026 17:59:47] GET /api/status HTTP/1.1
[12/Aug/2026 17:59:48] GET /api/capture/latest?after=2797 HTTP/1.1
[12/Aug/2026 17:59:49] GET /api/capture/latest?after=2797 HTTP/1.1
[12/Aug/2026 17:59:50] GET /api/capture/latest?after=2797 HTTP/1.1
[12/Aug/2026 17:59:51] GET /api/capture/latest?after=2797 HTTP/1.1
[12/Aug/2026 17:59:52] GET /api/capture/latest?after=2797 HTTP/1.1
[12/Aug/2026 17:59:52] GET /api/status HTTP/1.1
[12/Aug/2026 17:59:53] GET /api/capture/latest?after=2797 HTTP/1.1
[12/Aug/2026 17:59:54] GET /api/capture/latest?after=2797 HTTP/1.1
[12/Aug/2026 17:59:55] GET /api/capture/latest?after=2797 HTTP/1.1
[12/Aug/2026 17:59:56] GET /api/capture/latest?after=2797 HTTP/1.1
[12/Aug/2026 17:59:57] GET /api/capture/latest?after=2797 HTTP/1.1
[12/Aug/2026 17:59:57] GET /api/status HTTP/1.1
[12/Aug/2026 17:59:58] GET /api/capture/latest?after=2797 HTTP/1.1
[12/Aug/2026 17:59:59] GET /api/capture/latest?after=2797 HTTP/1.1
[12/Aug/2026 18:00:00] GET /api/capture/latest?after=2797 HTTP/1.1
[12/Aug/2026 18:00:01] GET /api/capture/latest?after=2797 HTTP/1.1
[12/Aug/2026 18:00:02] GET /api/capture/latest?after=2797 HTTP/1.1
[12/Aug/2026 18:00:02] GET /api/status HTTP/1.1
[12/Aug/2026 18:00:03] GET /api/capture/latest?after=2797 HTTP/1.1
[12/Aug/2026 18:00:04] GET /api/capture/latest?after=2797 HTTP/1.1
[12/Aug/2026 18:00:05] GET /api/capture/latest?after=2798 HTTP/1.1
[12/Aug/2026 18:00:06] GET /api/capture/latest?after=2795 HTTP/1.1
[12/Aug/2026 18:00:06] GET /api/capture/latest?after=2798 HTTP/1.1
[12/Aug/2026 18:00:06] GET /api/status HTTP/1.1
[12/Aug/2026 18:00:11] GET /api/capture/latest?after=2798 HTTP/1.1
[12/Aug/2026 18:00:11] GET /api/status HTTP/1.1
[12/Aug/2026 18:00:11] GET /api/capture/latest?after=2798 HTTP/1.1
[12/Aug/2026 18:00:12] GET /api/capture/latest?after=2798 HTTP/1.1
[12/Aug/2026 18:00:12] GET /api/status HTTP/1.1
[12/Aug/2026 18:00:12] GET /api/capture/latest?after=2798 HTTP/1.1
[12/Aug/2026 18:00:13] GET /api/capture/latest?after=2798 HTTP/1.1
[12/Aug/2026 18:00:13] GET /api/capture/latest?after=2798 HTTP/1.1
[12/Aug/2026 18:00:14] GET /api/capture/latest?after=2798 HTTP/1.1
[12/Aug/2026 18:00:14] GET /api/capture/latest?after=2798 HTTP/1.1
[12/Aug/2026 18:00:15] GET /api/capture/latest?after=2798 HTTP/1.1
[12/Aug/2026 18:00:15] GET /api/capture/latest?after=2798 HTTP/1.1
[12/Aug/2026 18:00:16] GET /api/capture/latest?after=2798 HTTP/1.1
[12/Aug/2026 18:00:16] GET /api/capture/latest?after=2798 HTTP/1.1
[12/Aug/2026 18:00:17] GET /api/capture/latest?after=2798 HTTP/1.1
[12/Aug/2026 18:00:17] GET /api/status HTTP/1.1
[12/Aug/2026 18:00:17] GET /api/capture/latest?after=2798 HTTP/1.1
[12/Aug/2026 18:00:18] GET /api/capture/latest?after=2798 HTTP/1.1
[12/Aug/2026 18:00:18] GET /api/capture/latest?after=2798 HTTP/1.1
[12/Aug/2026 18:00:19] GET /api/capture/latest?after=2798 HTTP/1.1
[12/Aug/2026 18:00:19] GET /api/capture/latest?after=2798 HTTP/1.1
[12/Aug/2026 18:00:20] GET /api/capture/latest?after=2798 HTTP/1.1
[12/Aug/2026 18:00:20] GET /api/capture/latest?after=2798 HTTP/1.1
[12/Aug/2026 18:00:21] GET /api/capture/latest?after=2798 HTTP/1.1
[12/Aug/2026 18:00:21] GET /api/capture/latest?after=2798 HTTP/1.1
[12/Aug/2026 18:00:22] GET /api/capture/latest?after=2798 HTTP/1.1
[12/Aug/2026 18:00:22] GET /api/status HTTP/1.1
[12/Aug/2026 18:00:22] GET /api/capture/latest?after=2798 HTTP/1.1
[12/Aug/2026 18:00:23] GET /api/capture/latest?after=2798 HTTP/1.1
[12/Aug/2026 18:00:23] GET /api/capture/latest?after=2798 HTTP/1.1
[12/Aug/2026 18:00:24] GET /api/capture/latest?after=2798 HTTP/1.1
[12/Aug/2026 18:00:24] GET /api/capture/latest?after=2798 HTTP/1.1
[12/Aug/2026 18:00:25] GET /api/capture/latest?after=2798 HTTP/1.1
[12/Aug/2026 18:00:25] GET /api/capture/latest?after=2798 HTTP/1.1
[12/Aug/2026 18:00:26] GET /api/capture/latest?after=2798 HTTP/1.1
[12/Aug/2026 18:00:26] GET /api/capture/latest?after=2798 HTTP/1.1
[12/Aug/2026 18:00:27] GET /api/capture/latest?after=2798 HTTP/1.1
[12/Aug/2026 18:00:27] GET /api/status HTTP/1.1
[12/Aug/2026 18:00:27] GET /api/capture/latest?after=2798 HTTP/1.1
[12/Aug/2026 18:00:28] GET /api/capture/latest?after=2798 HTTP/1.1
[12/Aug/2026 18:00:28] GET /api/capture/latest?after=2798 HTTP/1.1
[12/Aug/2026 18:00:29] GET /api/capture/latest?after=2798 HTTP/1.1
[12/Aug/2026 18:00:29] GET /api/capture/latest?after=2798 HTTP/1.1
[12/Aug/2026 18:00:30] GET /api/capture/latest?after=2798 HTTP/1.1
[12/Aug/2026 18:00:30] GET /api/capture/latest?after=2798 HTTP/1.1
[12/Aug/2026 18:00:31] GET /api/capture/latest?after=2798 HTTP/1.1
[12/Aug/2026 18:00:31] GET /api/capture/latest?after=2798 HTTP/1.1
[12/Aug/2026 18:00:32] GET /api/capture/latest?after=2798 HTTP/1.1
[12/Aug/2026 18:00:32] GET /api/status HTTP/1.1
[12/Aug/2026 18:00:32] GET /api/capture/latest?after=2799 HTTP/1.1
[12/Aug/2026 18:00:33] GET /api/capture/latest?after=2799 HTTP/1.1
[12/Aug/2026 18:00:33] GET /api/capture/latest?after=2799 HTTP/1.1
[12/Aug/2026 18:00:34] GET /api/capture/latest?after=2799 HTTP/1.1
[12/Aug/2026 18:00:34] GET /api/capture/latest?after=2799 HTTP/1.1
[12/Aug/2026 18:00:35] GET /api/capture/latest?after=2799 HTTP/1.1
[12/Aug/2026 18:00:35] GET /api/capture/latest?after=2799 HTTP/1.1
[12/Aug/2026 18:00:36] GET /api/capture/latest?after=2799 HTTP/1.1
[12/Aug/2026 18:00:36] GET /api/capture/latest?after=2799 HTTP/1.1
[12/Aug/2026 18:00:37] GET /api/capture/latest?after=2799 HTTP/1.1
[12/Aug/2026 18:00:37] GET /api/status HTTP/1.1
[12/Aug/2026 18:00:37] GET /api/capture/latest?after=2799 HTTP/1.1
[12/Aug/2026 18:00:38] GET /api/capture/latest?after=2799 HTTP/1.1
[12/Aug/2026 18:00:38] GET /api/capture/latest?after=2799 HTTP/1.1
[12/Aug/2026 18:00:39] GET /api/capture/latest?after=2799 HTTP/1.1
[12/Aug/2026 18:00:39] GET /api/capture/latest?after=2799 HTTP/1.1
[12/Aug/2026 18:00:40] GET /api/capture/latest?after=2799 HTTP/1.1
[12/Aug/2026 18:00:40] GET /api/capture/latest?after=2799 HTTP/1.1
[12/Aug/2026 18:00:41] GET /api/capture/latest?after=2799 HTTP/1.1
[12/Aug/2026 18:00:41] GET /api/capture/latest?after=2799 HTTP/1.1
[12/Aug/2026 18:00:42] GET /api/capture/latest?after=2799 HTTP/1.1
[12/Aug/2026 18:00:42] GET /api/status HTTP/1.1
[12/Aug/2026 18:00:42] GET /api/capture/latest?after=2799 HTTP/1.1
[12/Aug/2026 18:00:43] GET /api/capture/latest?after=2799 HTTP/1.1
[12/Aug/2026 18:00:43] GET /api/capture/latest?after=2799 HTTP/1.1
[12/Aug/2026 18:00:44] GET /api/capture/latest?after=2799 HTTP/1.1
[12/Aug/2026 18:00:44] GET /api/capture/latest?after=2803 HTTP/1.1
[12/Aug/2026 18:00:45] GET /api/capture/latest?after=2803 HTTP/1.1
[12/Aug/2026 18:00:45] GET /api/capture/latest?after=2803 HTTP/1.1
[12/Aug/2026 18:00:46] GET /api/capture/latest?after=2803 HTTP/1.1
[12/Aug/2026 18:00:46] GET /api/capture/latest?after=2815 HTTP/1.1
[12/Aug/2026 18:00:47] GET /api/capture/latest?after=2819 HTTP/1.1
[12/Aug/2026 18:00:47] GET /api/status HTTP/1.1
[12/Aug/2026 18:00:47] GET /api/capture/latest?after=2831 HTTP/1.1
[12/Aug/2026 18:00:48] GET /api/capture/latest?after=2831 HTTP/1.1
[12/Aug/2026 18:00:48] GET /api/capture/latest?after=2831 HTTP/1.1
[12/Aug/2026 18:00:49] GET /api/capture/latest?after=2831 HTTP/1.1
[12/Aug/2026 18:00:49] GET /api/capture/latest?after=2831 HTTP/1.1
[12/Aug/2026 18:00:50] GET /api/capture/latest?after=2831 HTTP/1.1
[12/Aug/2026 18:00:50] GET /api/capture/latest?after=2831 HTTP/1.1
[12/Aug/2026 18:00:51] GET /api/capture/latest?after=2831 HTTP/1.1
[12/Aug/2026 18:00:51] GET /api/capture/latest?after=2831 HTTP/1.1
[12/Aug/2026 18:00:52] GET /api/capture/latest?after=2831 HTTP/1.1
[12/Aug/2026 18:00:52] GET /api/status HTTP/1.1
[12/Aug/2026 18:00:52] GET /api/capture/latest?after=2831 HTTP/1.1
[12/Aug/2026 18:00:53] GET /api/capture/latest?after=2831 HTTP/1.1
[12/Aug/2026 18:00:53] GET /api/capture/latest?after=2831 HTTP/1.1
[12/Aug/2026 18:00:54] GET /api/capture/latest?after=2831 HTTP/1.1
[12/Aug/2026 18:00:54] GET /api/capture/latest?after=2831 HTTP/1.1
[12/Aug/2026 18:00:55] GET /api/capture/latest?after=2831 HTTP/1.1
[12/Aug/2026 18:00:55] GET /api/capture/latest?after=2831 HTTP/1.1
[12/Aug/2026 18:00:56] GET /api/capture/latest?after=2831 HTTP/1.1
[12/Aug/2026 18:00:56] GET /api/capture/latest?after=2831 HTTP/1.1
[12/Aug/2026 18:00:57] GET /api/capture/latest?after=2831 HTTP/1.1
[12/Aug/2026 18:00:57] GET /api/status HTTP/1.1
[12/Aug/2026 18:00:57] GET /api/capture/latest?after=2831 HTTP/1.1
[12/Aug/2026 18:00:58] GET /api/capture/latest?after=2831 HTTP/1.1
[12/Aug/2026 18:00:58] GET /api/capture/latest?after=2831 HTTP/1.1
[12/Aug/2026 18:00:59] GET /api/capture/latest?after=2831 HTTP/1.1
[12/Aug/2026 18:00:59] GET /api/capture/latest?after=2831 HTTP/1.1
[12/Aug/2026 18:01:00] GET /api/capture/latest?after=2831 HTTP/1.1
[12/Aug/2026 18:01:00] GET /api/capture/latest?after=2831 HTTP/1.1
[12/Aug/2026 18:01:01] GET /api/capture/latest?after=2831 HTTP/1.1
[12/Aug/2026 18:01:01] GET /api/capture/latest?after=2831 HTTP/1.1
[12/Aug/2026 18:01:02] GET /api/capture/latest?after=2831 HTTP/1.1
[12/Aug/2026 18:01:02] GET /api/status HTTP/1.1
[12/Aug/2026 18:01:02] GET /api/capture/latest?after=2831 HTTP/1.1
[12/Aug/2026 18:01:03] GET /api/capture/latest?after=2831 HTTP/1.1
[12/Aug/2026 18:01:03] GET /api/capture/latest?after=2831 HTTP/1.1
[12/Aug/2026 18:01:04] GET /api/capture/latest?after=2831 HTTP/1.1
[12/Aug/2026 18:01:04] GET /api/capture/latest?after=2831 HTTP/1.1
[12/Aug/2026 18:01:05] GET /api/capture/latest?after=2831 HTTP/1.1
[12/Aug/2026 18:01:05] GET /api/capture/latest?after=2831 HTTP/1.1
[12/Aug/2026 18:01:06] GET /api/capture/latest?after=2831 HTTP/1.1
[12/Aug/2026 18:01:06] GET /api/capture/latest?after=2798 HTTP/1.1
[12/Aug/2026 18:01:06] GET /api/status HTTP/1.1
[12/Aug/2026 18:01:06] GET /api/capture/latest?after=2831 HTTP/1.1
[12/Aug/2026 18:01:07] GET /api/capture/latest?after=2831 HTTP/1.1
[12/Aug/2026 18:01:07] GET /api/status HTTP/1.1
[12/Aug/2026 18:01:07] GET /api/capture/latest?after=2831 HTTP/1.1
[12/Aug/2026 18:01:08] GET /api/capture/latest?after=2831 HTTP/1.1
[12/Aug/2026 18:01:08] GET /api/capture/latest?after=2831 HTTP/1.1
[12/Aug/2026 18:01:09] GET /api/capture/latest?after=2831 HTTP/1.1
[12/Aug/2026 18:01:09] GET /api/capture/latest?after=2831 HTTP/1.1
[12/Aug/2026 18:01:10] GET /api/capture/latest?after=2831 HTTP/1.1
[12/Aug/2026 18:01:10] GET /api/capture/latest?after=2831 HTTP/1.1
[12/Aug/2026 18:01:11] GET /api/capture/latest?after=2831 HTTP/1.1
[12/Aug/2026 18:01:11] GET /api/capture/latest?after=2831 HTTP/1.1
[12/Aug/2026 18:01:12] GET /api/capture/latest?after=2831 HTTP/1.1
[12/Aug/2026 18:01:12] GET /api/status HTTP/1.1
[12/Aug/2026 18:01:12] GET /api/capture/latest?after=2831 HTTP/1.1
[12/Aug/2026 18:01:13] GET /api/capture/latest?after=2831 HTTP/1.1
[12/Aug/2026 18:01:13] GET /api/capture/latest?after=2831 HTTP/1.1
[12/Aug/2026 18:01:14] GET /api/capture/latest?after=2831 HTTP/1.1
[12/Aug/2026 18:01:14] GET /api/capture/latest?after=2831 HTTP/1.1
[12/Aug/2026 18:01:15] GET /api/capture/latest?after=2831 HTTP/1.1
[12/Aug/2026 18:01:15] GET /api/capture/latest?after=2832 HTTP/1.1
[12/Aug/2026 18:01:16] GET /api/capture/latest?after=2832 HTTP/1.1
[12/Aug/2026 18:01:16] GET /api/capture/latest?after=2832 HTTP/1.1
[12/Aug/2026 18:01:17] GET /api/capture/latest?after=2832 HTTP/1.1
[12/Aug/2026 18:01:17] GET /api/status HTTP/1.1
[12/Aug/2026 18:01:17] GET /api/capture/latest?after=2836 HTTP/1.1
[12/Aug/2026 18:01:18] GET /api/capture/latest?after=2843 HTTP/1.1
[12/Aug/2026 18:01:18] GET /api/capture/latest?after=2843 HTTP/1.1
[12/Aug/2026 18:01:19] GET /api/capture/latest?after=2843 HTTP/1.1
[12/Aug/2026 18:01:19] GET /api/capture/latest?after=2843 HTTP/1.1
[12/Aug/2026 18:01:20] GET /api/capture/latest?after=2843 HTTP/1.1
[12/Aug/2026 18:01:20] GET /api/capture/latest?after=2843 HTTP/1.1
[12/Aug/2026 18:01:21] GET /api/capture/latest?after=2843 HTTP/1.1
[12/Aug/2026 18:01:21] GET /api/capture/latest?after=2843 HTTP/1.1
[12/Aug/2026 18:01:22] GET /api/capture/latest?after=2843 HTTP/1.1
[12/Aug/2026 18:01:22] GET /api/status HTTP/1.1
[12/Aug/2026 18:01:22] GET /api/capture/latest?after=2843 HTTP/1.1
[12/Aug/2026 18:01:23] GET /api/capture/latest?after=2843 HTTP/1.1
[12/Aug/2026 18:01:23] GET /api/capture/latest?after=2843 HTTP/1.1
[12/Aug/2026 18:01:24] GET /api/capture/latest?after=2843 HTTP/1.1
[12/Aug/2026 18:01:24] GET /api/capture/latest?after=2843 HTTP/1.1
[12/Aug/2026 18:01:25] GET /api/capture/latest?after=2843 HTTP/1.1
[12/Aug/2026 18:01:25] GET /api/capture/latest?after=2843 HTTP/1.1
[12/Aug/2026 18:01:26] GET /api/capture/latest?after=2843 HTTP/1.1
[12/Aug/2026 18:01:26] GET /api/capture/latest?after=2843 HTTP/1.1
[12/Aug/2026 18:01:27] GET /api/capture/latest?after=2843 HTTP/1.1
[12/Aug/2026 18:01:27] GET /api/status HTTP/1.1
[12/Aug/2026 18:01:27] GET /api/capture/latest?after=2843 HTTP/1.1
[12/Aug/2026 18:01:28] GET /api/capture/latest?after=2843 HTTP/1.1
[12/Aug/2026 18:01:28] GET /api/capture/latest?after=2843 HTTP/1.1
[12/Aug/2026 18:01:29] GET /api/capture/latest?after=2843 HTTP/1.1
[12/Aug/2026 18:01:29] GET /api/capture/latest?after=2843 HTTP/1.1
[12/Aug/2026 18:01:30] GET /api/capture/latest?after=2843 HTTP/1.1
[12/Aug/2026 18:01:30] GET /api/capture/latest?after=2843 HTTP/1.1
[12/Aug/2026 18:01:31] GET /api/capture/latest?after=2843 HTTP/1.1
[12/Aug/2026 18:01:31] GET /api/capture/latest?after=2843 HTTP/1.1
[12/Aug/2026 18:01:32] GET /api/capture/latest?after=2843 HTTP/1.1
[12/Aug/2026 18:01:32] GET /api/status HTTP/1.1
[12/Aug/2026 18:01:32] GET /api/capture/latest?after=2843 HTTP/1.1
[12/Aug/2026 18:01:33] GET /api/capture/latest?after=2843 HTTP/1.1
[12/Aug/2026 18:01:33] GET /api/capture/latest?after=2843 HTTP/1.1
[12/Aug/2026 18:01:34] GET /api/capture/latest?after=2843 HTTP/1.1
[12/Aug/2026 18:01:34] GET /api/capture/latest?after=2843 HTTP/1.1
[12/Aug/2026 18:01:35] GET /api/capture/latest?after=2843 HTTP/1.1
[12/Aug/2026 18:01:35] GET /api/capture/latest?after=2843 HTTP/1.1
[12/Aug/2026 18:01:36] GET /api/capture/latest?after=2843 HTTP/1.1
[12/Aug/2026 18:01:36] GET /api/capture/latest?after=2843 HTTP/1.1
[12/Aug/2026 18:01:37] GET /api/capture/latest?after=2843 HTTP/1.1
[12/Aug/2026 18:01:37] GET /api/status HTTP/1.1
[12/Aug/2026 18:01:37] GET /api/capture/latest?after=2843 HTTP/1.1
[12/Aug/2026 18:01:38] GET /api/capture/latest?after=2843 HTTP/1.1
[12/Aug/2026 18:01:38] GET /api/capture/latest?after=2843 HTTP/1.1
[12/Aug/2026 18:01:39] GET /api/capture/latest?after=2843 HTTP/1.1
[12/Aug/2026 18:01:39] GET /api/capture/latest?after=2843 HTTP/1.1
[12/Aug/2026 18:01:40] GET /api/capture/latest?after=2843 HTTP/1.1
[12/Aug/2026 18:01:40] GET /api/capture/latest?after=2843 HTTP/1.1
[12/Aug/2026 18:01:41] GET /api/capture/latest?after=2843 HTTP/1.1
[12/Aug/2026 18:01:41] GET /api/capture/latest?after=2843 HTTP/1.1
[12/Aug/2026 18:01:42] GET /api/capture/latest?after=2843 HTTP/1.1
[12/Aug/2026 18:01:42] GET /api/status HTTP/1.1
[12/Aug/2026 18:01:42] GET /api/capture/latest?after=2843 HTTP/1.1
[12/Aug/2026 18:01:43] GET /api/capture/latest?after=2843 HTTP/1.1
[12/Aug/2026 18:01:43] GET /api/capture/latest?after=2843 HTTP/1.1
[12/Aug/2026 18:01:44] GET /api/capture/latest?after=2843 HTTP/1.1
[12/Aug/2026 18:01:44] GET /api/capture/latest?after=2843 HTTP/1.1
[12/Aug/2026 18:01:45] GET /api/capture/latest?after=2843 HTTP/1.1
[12/Aug/2026 18:01:45] GET /api/capture/latest?after=2843 HTTP/1.1
[12/Aug/2026 18:01:46] GET /api/capture/latest?after=2844 HTTP/1.1
[12/Aug/2026 18:01:46] GET /api/capture/latest?after=2844 HTTP/1.1
[12/Aug/2026 18:01:47] GET /api/capture/latest?after=2844 HTTP/1.1
[12/Aug/2026 18:01:47] GET /api/status HTTP/1.1
[12/Aug/2026 18:01:47] GET /api/capture/latest?after=2844 HTTP/1.1
[12/Aug/2026 18:01:48] GET /api/capture/latest?after=2844 HTTP/1.1
[12/Aug/2026 18:01:48] GET /api/capture/latest?after=2849 HTTP/1.1
[12/Aug/2026 18:01:49] GET /api/capture/latest?after=2855 HTTP/1.1
[12/Aug/2026 18:01:49] GET /api/capture/latest?after=2855 HTTP/1.1
[12/Aug/2026 18:01:50] GET /api/capture/latest?after=2855 HTTP/1.1
[12/Aug/2026 18:01:50] GET /api/capture/latest?after=2855 HTTP/1.1
[12/Aug/2026 18:01:51] GET /api/capture/latest?after=2855 HTTP/1.1
[12/Aug/2026 18:01:51] GET /api/capture/latest?after=2855 HTTP/1.1
[12/Aug/2026 18:01:52] GET /api/capture/latest?after=2855 HTTP/1.1
[12/Aug/2026 18:01:52] GET /api/status HTTP/1.1
[12/Aug/2026 18:01:52] GET /api/capture/latest?after=2855 HTTP/1.1
[12/Aug/2026 18:01:53] GET /api/capture/latest?after=2855 HTTP/1.1
[12/Aug/2026 18:01:53] GET /api/capture/latest?after=2855 HTTP/1.1
[12/Aug/2026 18:01:54] GET /api/capture/latest?after=2855 HTTP/1.1
[12/Aug/2026 18:01:54] GET /api/capture/latest?after=2855 HTTP/1.1
[12/Aug/2026 18:01:55] GET /api/capture/latest?after=2855 HTTP/1.1
[12/Aug/2026 18:01:55] GET /api/capture/latest?after=2855 HTTP/1.1
[12/Aug/2026 18:01:56] GET /api/capture/latest?after=2855 HTTP/1.1
[12/Aug/2026 18:01:56] GET /api/capture/latest?after=2855 HTTP/1.1
[12/Aug/2026 18:01:57] GET /api/capture/latest?after=2855 HTTP/1.1
[12/Aug/2026 18:01:57] GET /api/status HTTP/1.1
[12/Aug/2026 18:01:57] GET /api/capture/latest?after=2855 HTTP/1.1
[12/Aug/2026 18:01:58] GET /api/capture/latest?after=2855 HTTP/1.1
[12/Aug/2026 18:01:58] GET /api/capture/latest?after=2855 HTTP/1.1
[12/Aug/2026 18:01:59] GET /api/capture/latest?after=2855 HTTP/1.1
[12/Aug/2026 18:01:59] GET /api/capture/latest?after=2855 HTTP/1.1
[12/Aug/2026 18:02:00] GET /api/capture/latest?after=2855 HTTP/1.1
[12/Aug/2026 18:02:00] GET /api/capture/latest?after=2855 HTTP/1.1
[12/Aug/2026 18:02:01] GET /api/capture/latest?after=2855 HTTP/1.1
[12/Aug/2026 18:02:01] GET /api/capture/latest?after=2855 HTTP/1.1
[12/Aug/2026 18:02:02] GET /api/capture/latest?after=2855 HTTP/1.1
[12/Aug/2026 18:02:02] GET /api/status HTTP/1.1
[12/Aug/2026 18:02:02] GET /api/capture/latest?after=2855 HTTP/1.1
[12/Aug/2026 18:02:03] GET /api/capture/latest?after=2855 HTTP/1.1
[12/Aug/2026 18:02:03] GET /api/capture/latest?after=2855 HTTP/1.1
[12/Aug/2026 18:02:04] GET /api/capture/latest?after=2855 HTTP/1.1
[12/Aug/2026 18:02:04] GET /api/capture/latest?after=2855 HTTP/1.1
[12/Aug/2026 18:02:05] GET /api/capture/latest?after=2855 HTTP/1.1
[12/Aug/2026 18:02:05] GET /api/capture/latest?after=2855 HTTP/1.1
[12/Aug/2026 18:02:06] GET /api/capture/latest?after=2855 HTTP/1.1
[12/Aug/2026 18:02:06] GET /api/capture/latest?after=2831 HTTP/1.1
[12/Aug/2026 18:02:06] GET /api/status HTTP/1.1
[12/Aug/2026 18:02:06] GET /api/capture/latest?after=2855 HTTP/1.1
[12/Aug/2026 18:02:07] GET /api/capture/latest?after=2855 HTTP/1.1
[12/Aug/2026 18:02:07] GET /api/status HTTP/1.1
[12/Aug/2026 18:02:07] GET /api/capture/latest?after=2855 HTTP/1.1
[12/Aug/2026 18:02:08] GET /api/capture/latest?after=2855 HTTP/1.1
[12/Aug/2026 18:02:08] GET /api/capture/latest?after=2855 HTTP/1.1
[12/Aug/2026 18:02:09] GET /api/capture/latest?after=2855 HTTP/1.1
[12/Aug/2026 18:02:09] GET /api/capture/latest?after=2855 HTTP/1.1
[12/Aug/2026 18:02:10] GET /api/capture/latest?after=2855 HTTP/1.1
[12/Aug/2026 18:02:10] GET /api/capture/latest?after=2855 HTTP/1.1
[12/Aug/2026 18:02:11] GET /api/capture/latest?after=2855 HTTP/1.1
[12/Aug/2026 18:02:11] GET /api/capture/latest?after=2855 HTTP/1.1
[12/Aug/2026 18:02:12] GET /api/capture/latest?after=2855 HTTP/1.1
[12/Aug/2026 18:02:12] GET /api/status HTTP/1.1
[12/Aug/2026 18:02:12] GET /api/capture/latest?after=2855 HTTP/1.1
[12/Aug/2026 18:02:13] GET /api/capture/latest?after=2855 HTTP/1.1
[12/Aug/2026 18:02:13] GET /api/capture/latest?after=2855 HTTP/1.1
[12/Aug/2026 18:02:14] GET /api/capture/latest?after=2855 HTTP/1.1
[12/Aug/2026 18:02:14] GET /api/capture/latest?after=2855 HTTP/1.1
[12/Aug/2026 18:02:15] GET /api/capture/latest?after=2855 HTTP/1.1
[12/Aug/2026 18:02:15] GET /api/capture/latest?after=2855 HTTP/1.1
[12/Aug/2026 18:02:16] GET /api/capture/latest?after=2855 HTTP/1.1
[12/Aug/2026 18:02:16] GET /api/capture/latest?after=2855 HTTP/1.1
[12/Aug/2026 18:02:17] GET /api/capture/latest?after=2856 HTTP/1.1
[12/Aug/2026 18:02:17] GET /api/status HTTP/1.1
[12/Aug/2026 18:02:17] GET /api/capture/latest?after=2856 HTTP/1.1
[12/Aug/2026 18:02:18] GET /api/capture/latest?after=2856 HTTP/1.1
[12/Aug/2026 18:02:18] GET /api/capture/latest?after=2856 HTTP/1.1
[12/Aug/2026 18:02:19] GET /api/capture/latest?after=2856 HTTP/1.1
[12/Aug/2026 18:02:19] GET /api/capture/latest?after=2856 HTTP/1.1
[12/Aug/2026 18:02:20] GET /api/capture/latest?after=2856 HTTP/1.1
[12/Aug/2026 18:02:20] GET /api/capture/latest?after=2856 HTTP/1.1
[12/Aug/2026 18:02:21] GET /api/capture/latest?after=2856 HTTP/1.1
[12/Aug/2026 18:02:21] GET /api/capture/latest?after=2856 HTTP/1.1
[12/Aug/2026 18:02:22] GET /api/capture/latest?after=2856 HTTP/1.1
[12/Aug/2026 18:02:22] GET /api/status HTTP/1.1
[12/Aug/2026 18:02:22] GET /api/capture/latest?after=2856 HTTP/1.1
[12/Aug/2026 18:02:23] GET /api/capture/latest?after=2856 HTTP/1.1
[12/Aug/2026 18:02:23] GET /api/capture/latest?after=2856 HTTP/1.1
[12/Aug/2026 18:02:24] GET /api/capture/latest?after=2856 HTTP/1.1
[12/Aug/2026 18:02:24] GET /api/capture/latest?after=2856 HTTP/1.1
[12/Aug/2026 18:02:25] GET /api/capture/latest?after=2856 HTTP/1.1
[12/Aug/2026 18:02:25] GET /api/capture/latest?after=2856 HTTP/1.1
[12/Aug/2026 18:02:26] GET /api/capture/latest?after=2856 HTTP/1.1
[12/Aug/2026 18:02:26] GET /api/capture/latest?after=2856 HTTP/1.1
[12/Aug/2026 18:02:27] GET /api/capture/latest?after=2856 HTTP/1.1
[12/Aug/2026 18:02:27] GET /api/status HTTP/1.1
[12/Aug/2026 18:02:27] GET /api/capture/latest?after=2856 HTTP/1.1
[12/Aug/2026 18:02:28] GET /api/capture/latest?after=2856 HTTP/1.1
[12/Aug/2026 18:02:28] GET /api/capture/latest?after=2856 HTTP/1.1
[12/Aug/2026 18:02:29] GET /api/capture/latest?after=2856 HTTP/1.1
[12/Aug/2026 18:02:29] GET /api/capture/latest?after=2856 HTTP/1.1
[12/Aug/2026 18:02:30] GET /api/capture/latest?after=2856 HTTP/1.1
[12/Aug/2026 18:02:30] GET /api/capture/latest?after=2856 HTTP/1.1
[12/Aug/2026 18:02:31] GET /api/capture/latest?after=2856 HTTP/1.1
[12/Aug/2026 18:02:31] GET /api/capture/latest?after=2856 HTTP/1.1
[12/Aug/2026 18:02:32] GET /api/capture/latest?after=2856 HTTP/1.1
[12/Aug/2026 18:02:32] GET /api/status HTTP/1.1
[12/Aug/2026 18:02:32] GET /api/capture/latest?after=2856 HTTP/1.1
[12/Aug/2026 18:02:33] GET /api/capture/latest?after=2856 HTTP/1.1
[12/Aug/2026 18:02:33] GET /api/capture/latest?after=2856 HTTP/1.1
[12/Aug/2026 18:02:34] GET /api/capture/latest?after=2856 HTTP/1.1
[12/Aug/2026 18:02:34] GET /api/capture/latest?after=2856 HTTP/1.1
[12/Aug/2026 18:02:35] GET /api/capture/latest?after=2856 HTTP/1.1
[12/Aug/2026 18:02:35] GET /api/capture/latest?after=2856 HTTP/1.1
[12/Aug/2026 18:02:36] GET /api/capture/latest?after=2856 HTTP/1.1
[12/Aug/2026 18:02:36] GET /api/capture/latest?after=2856 HTTP/1.1
[12/Aug/2026 18:02:37] GET /api/capture/latest?after=2856 HTTP/1.1
[12/Aug/2026 18:02:37] GET /api/status HTTP/1.1
[12/Aug/2026 18:02:37] GET /api/capture/latest?after=2856 HTTP/1.1
[12/Aug/2026 18:02:38] GET /api/capture/latest?after=2856 HTTP/1.1
[12/Aug/2026 18:02:38] GET /api/capture/latest?after=2856 HTTP/1.1
[12/Aug/2026 18:02:39] GET /api/capture/latest?after=2856 HTTP/1.1
[12/Aug/2026 18:02:39] GET /api/capture/latest?after=2856 HTTP/1.1
[12/Aug/2026 18:02:40] GET /api/capture/latest?after=2856 HTTP/1.1
[12/Aug/2026 18:02:40] GET /api/capture/latest?after=2856 HTTP/1.1
[12/Aug/2026 18:02:41] GET /api/capture/latest?after=2856 HTTP/1.1
[12/Aug/2026 18:02:41] GET /api/capture/latest?after=2856 HTTP/1.1
[12/Aug/2026 18:02:42] GET /api/capture/latest?after=2856 HTTP/1.1
[12/Aug/2026 18:02:42] GET /api/status HTTP/1.1
[12/Aug/2026 18:02:42] GET /api/capture/latest?after=2856 HTTP/1.1
[12/Aug/2026 18:02:43] GET /api/capture/latest?after=2856 HTTP/1.1
[12/Aug/2026 18:02:43] GET /api/capture/latest?after=2856 HTTP/1.1
[12/Aug/2026 18:02:44] GET /api/capture/latest?after=2856 HTTP/1.1
[12/Aug/2026 18:02:44] GET /api/capture/latest?after=2856 HTTP/1.1
[12/Aug/2026 18:02:45] GET /api/capture/latest?after=2857 HTTP/1.1
[12/Aug/2026 18:02:45] GET /api/capture/latest?after=2857 HTTP/1.1
[12/Aug/2026 18:02:46] GET /api/capture/latest?after=2857 HTTP/1.1
[12/Aug/2026 18:02:46] GET /api/capture/latest?after=2857 HTTP/1.1
[12/Aug/2026 18:02:47] GET /api/capture/latest?after=2857 HTTP/1.1
[12/Aug/2026 18:02:47] GET /api/status HTTP/1.1
[12/Aug/2026 18:02:47] GET /api/capture/latest?after=2857 HTTP/1.1
[12/Aug/2026 18:02:48] GET /api/capture/latest?after=2857 HTTP/1.1
[12/Aug/2026 18:02:48] GET /api/capture/latest?after=2857 HTTP/1.1
[12/Aug/2026 18:02:49] GET /api/capture/latest?after=2857 HTTP/1.1
[12/Aug/2026 18:02:49] GET /api/capture/latest?after=2857 HTTP/1.1
[12/Aug/2026 18:02:50] GET /api/capture/latest?after=2857 HTTP/1.1
[12/Aug/2026 18:02:50] GET /api/capture/latest?after=2857 HTTP/1.1
[12/Aug/2026 18:02:51] GET /api/capture/latest?after=2857 HTTP/1.1
[12/Aug/2026 18:02:51] GET /api/capture/latest?after=2857 HTTP/1.1
[12/Aug/2026 18:02:52] GET /api/capture/latest?after=2857 HTTP/1.1
[12/Aug/2026 18:02:52] GET /api/status HTTP/1.1
[12/Aug/2026 18:02:52] GET /api/capture/latest?after=2857 HTTP/1.1
[12/Aug/2026 18:02:53] GET /api/capture/latest?after=2857 HTTP/1.1
[12/Aug/2026 18:02:53] GET /api/capture/latest?after=2857 HTTP/1.1
[12/Aug/2026 18:02:54] GET /api/capture/latest?after=2857 HTTP/1.1
[12/Aug/2026 18:02:55] GET /api/capture/latest?after=2857 HTTP/1.1
[12/Aug/2026 18:02:56] GET /api/capture/latest?after=2857 HTTP/1.1
[12/Aug/2026 18:02:57] GET /api/capture/latest?after=2857 HTTP/1.1
[12/Aug/2026 18:02:57] GET /api/status HTTP/1.1
[12/Aug/2026 18:02:58] GET /api/capture/latest?after=2857 HTTP/1.1
[12/Aug/2026 18:02:59] GET /api/capture/latest?after=2857 HTTP/1.1
[12/Aug/2026 18:03:00] GET /api/capture/latest?after=2857 HTTP/1.1
[12/Aug/2026 18:03:01] GET /api/capture/latest?after=2857 HTTP/1.1
[12/Aug/2026 18:03:02] GET /api/capture/latest?after=2857 HTTP/1.1
[12/Aug/2026 18:03:02] GET /api/status HTTP/1.1
[12/Aug/2026 18:03:03] GET /api/capture/latest?after=2857 HTTP/1.1
[12/Aug/2026 18:03:04] GET /api/capture/latest?after=2857 HTTP/1.1
[12/Aug/2026 18:03:05] GET /api/capture/latest?after=2857 HTTP/1.1
[12/Aug/2026 18:03:06] GET /api/capture/latest?after=2855 HTTP/1.1
[12/Aug/2026 18:03:06] GET /api/capture/latest?after=2857 HTTP/1.1
[12/Aug/2026 18:03:06] GET /api/status HTTP/1.1
[12/Aug/2026 18:03:07] GET /api/capture/latest?after=2857 HTTP/1.1
[12/Aug/2026 18:03:07] GET /api/status HTTP/1.1
[12/Aug/2026 18:03:08] GET /api/capture/latest?after=2857 HTTP/1.1
[12/Aug/2026 18:03:09] GET /api/capture/latest?after=2857 HTTP/1.1
[12/Aug/2026 18:03:10] GET /api/capture/latest?after=2857 HTTP/1.1
[12/Aug/2026 18:03:11] GET /api/capture/latest?after=2857 HTTP/1.1
[12/Aug/2026 18:03:12] GET /api/capture/latest?after=2857 HTTP/1.1
[12/Aug/2026 18:03:12] GET /api/status HTTP/1.1
[12/Aug/2026 18:03:13] GET /api/capture/latest?after=2857 HTTP/1.1
[12/Aug/2026 18:03:14] GET /api/capture/latest?after=2858 HTTP/1.1
[12/Aug/2026 18:03:15] GET /api/capture/latest?after=2858 HTTP/1.1
[12/Aug/2026 18:03:16] GET /api/capture/latest?after=2858 HTTP/1.1
[12/Aug/2026 18:03:17] GET /api/capture/latest?after=2858 HTTP/1.1
[12/Aug/2026 18:03:17] GET /api/status HTTP/1.1
[12/Aug/2026 18:03:18] GET /api/capture/latest?after=2858 HTTP/1.1
[12/Aug/2026 18:03:19] GET /api/capture/latest?after=2858 HTTP/1.1
[12/Aug/2026 18:03:20] GET /api/capture/latest?after=2858 HTTP/1.1
[12/Aug/2026 18:03:21] GET /api/capture/latest?after=2858 HTTP/1.1
[12/Aug/2026 18:03:22] GET /api/capture/latest?after=2858 HTTP/1.1
[12/Aug/2026 18:03:22] GET /api/status HTTP/1.1
[12/Aug/2026 18:03:23] GET /api/capture/latest?after=2858 HTTP/1.1
[12/Aug/2026 18:03:24] GET /api/capture/latest?after=2858 HTTP/1.1
[12/Aug/2026 18:03:25] GET /api/capture/latest?after=2858 HTTP/1.1
[12/Aug/2026 18:03:26] GET /api/capture/latest?after=2858 HTTP/1.1
[12/Aug/2026 18:03:27] GET /api/capture/latest?after=2858 HTTP/1.1
[12/Aug/2026 18:03:27] GET /api/status HTTP/1.1
[12/Aug/2026 18:03:28] GET /api/capture/latest?after=2858 HTTP/1.1
[12/Aug/2026 18:03:29] GET /api/capture/latest?after=2858 HTTP/1.1
[12/Aug/2026 18:03:30] GET /api/capture/latest?after=2858 HTTP/1.1
[12/Aug/2026 18:03:31] GET /api/capture/latest?after=2858 HTTP/1.1
[12/Aug/2026 18:03:32] GET /api/capture/latest?after=2858 HTTP/1.1
[12/Aug/2026 18:03:32] GET /api/status HTTP/1.1
[12/Aug/2026 18:03:33] GET /api/capture/latest?after=2858 HTTP/1.1
[12/Aug/2026 18:03:34] GET /api/capture/latest?after=2858 HTTP/1.1
[12/Aug/2026 18:03:35] GET /api/capture/latest?after=2858 HTTP/1.1
[12/Aug/2026 18:03:36] GET /api/capture/latest?after=2858 HTTP/1.1
[12/Aug/2026 18:03:37] GET /api/capture/latest?after=2858 HTTP/1.1
[12/Aug/2026 18:03:37] GET /api/status HTTP/1.1
[12/Aug/2026 18:03:38] GET /api/capture/latest?after=2858 HTTP/1.1
[12/Aug/2026 18:03:39] GET /api/capture/latest?after=2858 HTTP/1.1
[12/Aug/2026 18:03:40] GET /api/capture/latest?after=2858 HTTP/1.1
[12/Aug/2026 18:03:41] GET /api/capture/latest?after=2858 HTTP/1.1
[12/Aug/2026 18:03:42] GET /api/capture/latest?after=2859 HTTP/1.1
[12/Aug/2026 18:03:42] GET /api/status HTTP/1.1
[12/Aug/2026 18:03:43] GET /api/capture/latest?after=2859 HTTP/1.1
[12/Aug/2026 18:03:44] GET /api/capture/latest?after=2859 HTTP/1.1
[12/Aug/2026 18:03:45] GET /api/capture/latest?after=2859 HTTP/1.1
[12/Aug/2026 18:03:46] GET /api/capture/latest?after=2859 HTTP/1.1
[12/Aug/2026 18:03:47] GET /api/capture/latest?after=2859 HTTP/1.1
[12/Aug/2026 18:03:47] GET /api/status HTTP/1.1
[12/Aug/2026 18:03:48] GET /api/capture/latest?after=2859 HTTP/1.1
[12/Aug/2026 18:03:49] GET /api/capture/latest?after=2859 HTTP/1.1
[12/Aug/2026 18:03:50] GET /api/capture/latest?after=2859 HTTP/1.1
[12/Aug/2026 18:03:51] GET /api/capture/latest?after=2859 HTTP/1.1
[12/Aug/2026 18:03:52] GET /api/capture/latest?after=2859 HTTP/1.1
[12/Aug/2026 18:03:52] GET /api/status HTTP/1.1
[12/Aug/2026 18:03:53] GET /api/capture/latest?after=2859 HTTP/1.1
[12/Aug/2026 18:04:06] GET /api/capture/latest?after=2859 HTTP/1.1
[12/Aug/2026 18:04:06] GET /api/capture/latest?after=2857 HTTP/1.1
[12/Aug/2026 18:04:06] GET /api/status HTTP/1.1
[12/Aug/2026 18:04:06] GET /api/status HTTP/1.1
[12/Aug/2026 18:04:46] GET /api/capture/latest?after=2859 HTTP/1.1
[12/Aug/2026 18:04:46] GET /api/status HTTP/1.1
[12/Aug/2026 18:04:46] GET /api/capture/latest?after=2861 HTTP/1.1
[12/Aug/2026 18:04:46] GET /api/capture/latest?after=2861 HTTP/1.1
[12/Aug/2026 18:04:47] GET /api/capture/latest?after=2861 HTTP/1.1
[12/Aug/2026 18:04:47] GET /api/status HTTP/1.1
[12/Aug/2026 18:04:47] GET /api/capture/latest?after=2861 HTTP/1.1
[12/Aug/2026 18:04:48] GET /api/capture/latest?after=2861 HTTP/1.1
[12/Aug/2026 18:04:48] GET /api/capture/latest?after=2861 HTTP/1.1
[12/Aug/2026 18:04:49] GET /api/capture/latest?after=2861 HTTP/1.1
[12/Aug/2026 18:04:49] GET /api/capture/latest?after=2861 HTTP/1.1
[12/Aug/2026 18:04:50] GET /api/capture/latest?after=2861 HTTP/1.1
[12/Aug/2026 18:04:50] GET /api/capture/latest?after=2861 HTTP/1.1
[12/Aug/2026 18:04:51] GET /api/capture/latest?after=2861 HTTP/1.1
[12/Aug/2026 18:04:51] GET /api/capture/latest?after=2861 HTTP/1.1
[12/Aug/2026 18:04:52] GET /api/capture/latest?after=2861 HTTP/1.1
[12/Aug/2026 18:04:52] GET /api/status HTTP/1.1
[12/Aug/2026 18:04:52] GET /api/capture/latest?after=2861 HTTP/1.1
[12/Aug/2026 18:04:53] GET /api/capture/latest?after=2861 HTTP/1.1
[12/Aug/2026 18:04:53] GET /api/capture/latest?after=2861 HTTP/1.1
[12/Aug/2026 18:04:54] GET /api/capture/latest?after=2861 HTTP/1.1
[12/Aug/2026 18:04:54] GET /api/capture/latest?after=2861 HTTP/1.1
[12/Aug/2026 18:04:55] GET /api/capture/latest?after=2861 HTTP/1.1
[12/Aug/2026 18:04:55] GET /api/capture/latest?after=2861 HTTP/1.1
[12/Aug/2026 18:04:56] GET /api/capture/latest?after=2861 HTTP/1.1
[12/Aug/2026 18:04:56] GET /api/capture/latest?after=2861 HTTP/1.1
[12/Aug/2026 18:04:57] GET /api/capture/latest?after=2861 HTTP/1.1
[12/Aug/2026 18:04:57] GET /api/status HTTP/1.1
[12/Aug/2026 18:04:57] GET /api/capture/latest?after=2861 HTTP/1.1
[12/Aug/2026 18:04:58] GET /api/capture/latest?after=2861 HTTP/1.1
[12/Aug/2026 18:04:58] GET /api/capture/latest?after=2862 HTTP/1.1
[12/Aug/2026 18:04:59] GET /api/capture/latest?after=2862 HTTP/1.1
[12/Aug/2026 18:04:59] GET /api/capture/latest?after=2862 HTTP/1.1
[12/Aug/2026 18:05:00] GET /api/capture/latest?after=2862 HTTP/1.1
[12/Aug/2026 18:05:00] GET /api/capture/latest?after=2862 HTTP/1.1
[12/Aug/2026 18:05:01] GET /api/capture/latest?after=2862 HTTP/1.1
[12/Aug/2026 18:05:01] GET /api/capture/latest?after=2862 HTTP/1.1
[12/Aug/2026 18:05:02] GET /api/capture/latest?after=2862 HTTP/1.1
[12/Aug/2026 18:05:02] GET /api/status HTTP/1.1
[12/Aug/2026 18:05:02] GET /api/capture/latest?after=2862 HTTP/1.1
[12/Aug/2026 18:05:03] GET /api/capture/latest?after=2862 HTTP/1.1
[12/Aug/2026 18:05:03] GET /api/capture/latest?after=2862 HTTP/1.1
[12/Aug/2026 18:05:04] GET /api/capture/latest?after=2862 HTTP/1.1
[12/Aug/2026 18:05:04] GET /api/capture/latest?after=2862 HTTP/1.1
[12/Aug/2026 18:05:05] GET /api/capture/latest?after=2862 HTTP/1.1
[12/Aug/2026 18:05:05] GET /api/capture/latest?after=2862 HTTP/1.1
[12/Aug/2026 18:05:06] GET /api/capture/latest?after=2862 HTTP/1.1
[12/Aug/2026 18:05:06] GET /api/capture/latest?after=2859 HTTP/1.1
[12/Aug/2026 18:05:06] GET /api/status HTTP/1.1
[12/Aug/2026 18:05:06] GET /api/capture/latest?after=2862 HTTP/1.1
[12/Aug/2026 18:05:07] GET /api/capture/latest?after=2862 HTTP/1.1
[12/Aug/2026 18:05:07] GET /api/status HTTP/1.1
[12/Aug/2026 18:05:07] GET /api/capture/latest?after=2862 HTTP/1.1
[12/Aug/2026 18:05:08] GET /api/capture/latest?after=2862 HTTP/1.1
[12/Aug/2026 18:05:08] GET /api/capture/latest?after=2862 HTTP/1.1
[12/Aug/2026 18:05:09] GET /api/capture/latest?after=2862 HTTP/1.1
[12/Aug/2026 18:05:09] GET /api/capture/latest?after=2862 HTTP/1.1
[12/Aug/2026 18:05:10] GET /api/capture/latest?after=2862 HTTP/1.1
[12/Aug/2026 18:05:10] GET /api/capture/latest?after=2862 HTTP/1.1
[12/Aug/2026 18:05:11] GET /api/capture/latest?after=2862 HTTP/1.1
[12/Aug/2026 18:05:11] GET /api/capture/latest?after=2862 HTTP/1.1
[12/Aug/2026 18:05:12] GET /api/capture/latest?after=2862 HTTP/1.1
[12/Aug/2026 18:05:12] GET /api/status HTTP/1.1
[12/Aug/2026 18:05:12] GET /api/capture/latest?after=2862 HTTP/1.1
[12/Aug/2026 18:05:13] GET /api/capture/latest?after=2862 HTTP/1.1
[12/Aug/2026 18:05:13] GET /api/capture/latest?after=2862 HTTP/1.1
[12/Aug/2026 18:05:14] GET /api/capture/latest?after=2862 HTTP/1.1
[12/Aug/2026 18:05:14] GET /api/capture/latest?after=2862 HTTP/1.1
[12/Aug/2026 18:05:15] GET /api/capture/latest?after=2862 HTTP/1.1
[12/Aug/2026 18:05:15] GET /api/capture/latest?after=2862 HTTP/1.1
[12/Aug/2026 18:05:16] GET /api/capture/latest?after=2862 HTTP/1.1
[12/Aug/2026 18:05:16] GET /api/capture/latest?after=2862 HTTP/1.1
[12/Aug/2026 18:05:17] GET /api/capture/latest?after=2862 HTTP/1.1
[12/Aug/2026 18:05:17] GET /api/status HTTP/1.1
[12/Aug/2026 18:05:17] GET /api/capture/latest?after=2862 HTTP/1.1
[12/Aug/2026 18:05:18] GET /api/capture/latest?after=2862 HTTP/1.1
[12/Aug/2026 18:05:18] GET /api/capture/latest?after=2862 HTTP/1.1
[12/Aug/2026 18:05:19] GET /api/capture/latest?after=2862 HTTP/1.1
[12/Aug/2026 18:05:19] GET /api/capture/latest?after=2862 HTTP/1.1
[12/Aug/2026 18:05:20] GET /api/capture/latest?after=2862 HTTP/1.1
[12/Aug/2026 18:05:20] GET /api/capture/latest?after=2862 HTTP/1.1
[12/Aug/2026 18:05:21] GET /api/capture/latest?after=2862 HTTP/1.1
[12/Aug/2026 18:05:21] GET /api/capture/latest?after=2862 HTTP/1.1
[12/Aug/2026 18:05:22] GET /api/capture/latest?after=2862 HTTP/1.1
[12/Aug/2026 18:05:22] GET /api/status HTTP/1.1
[12/Aug/2026 18:05:22] GET /api/capture/latest?after=2862 HTTP/1.1
[12/Aug/2026 18:05:23] GET /api/capture/latest?after=2862 HTTP/1.1
[12/Aug/2026 18:05:23] GET /api/capture/latest?after=2862 HTTP/1.1
[12/Aug/2026 18:05:24] GET /api/capture/latest?after=2862 HTTP/1.1
[12/Aug/2026 18:05:24] GET /api/capture/latest?after=2862 HTTP/1.1
[12/Aug/2026 18:05:25] GET /api/capture/latest?after=2862 HTTP/1.1
[12/Aug/2026 18:05:25] GET /api/capture/latest?after=2862 HTTP/1.1
[12/Aug/2026 18:05:26] GET /api/capture/latest?after=2862 HTTP/1.1
[12/Aug/2026 18:05:26] GET /api/capture/latest?after=2862 HTTP/1.1
[12/Aug/2026 18:05:27] GET /api/capture/latest?after=2863 HTTP/1.1
[12/Aug/2026 18:05:27] GET /api/status HTTP/1.1
[12/Aug/2026 18:05:27] GET /api/capture/latest?after=2863 HTTP/1.1
[12/Aug/2026 18:05:28] GET /api/capture/latest?after=2863 HTTP/1.1
[12/Aug/2026 18:05:28] GET /api/capture/latest?after=2863 HTTP/1.1
[12/Aug/2026 18:05:29] GET /api/capture/latest?after=2863 HTTP/1.1
[12/Aug/2026 18:05:29] GET /api/capture/latest?after=2863 HTTP/1.1
[12/Aug/2026 18:05:30] GET /api/capture/latest?after=2863 HTTP/1.1
[12/Aug/2026 18:05:30] GET /api/capture/latest?after=2863 HTTP/1.1
[12/Aug/2026 18:05:31] GET /api/capture/latest?after=2863 HTTP/1.1
[12/Aug/2026 18:05:31] GET /api/capture/latest?after=2863 HTTP/1.1
[12/Aug/2026 18:05:32] GET /api/capture/latest?after=2863 HTTP/1.1
[12/Aug/2026 18:05:32] GET /api/status HTTP/1.1
[12/Aug/2026 18:05:32] GET /api/capture/latest?after=2863 HTTP/1.1
[12/Aug/2026 18:05:33] GET /api/capture/latest?after=2863 HTTP/1.1
[12/Aug/2026 18:05:33] GET /api/capture/latest?after=2863 HTTP/1.1
[12/Aug/2026 18:05:34] GET /api/capture/latest?after=2863 HTTP/1.1
[12/Aug/2026 18:05:34] GET /api/capture/latest?after=2863 HTTP/1.1
[12/Aug/2026 18:05:35] GET /api/capture/latest?after=2863 HTTP/1.1
[12/Aug/2026 18:05:35] GET /api/capture/latest?after=2863 HTTP/1.1
[12/Aug/2026 18:05:36] GET /api/capture/latest?after=2863 HTTP/1.1
[12/Aug/2026 18:05:36] GET /api/capture/latest?after=2863 HTTP/1.1
[12/Aug/2026 18:05:37] GET /api/capture/latest?after=2863 HTTP/1.1
[12/Aug/2026 18:05:37] GET /api/status HTTP/1.1
[12/Aug/2026 18:05:37] GET /api/capture/latest?after=2863 HTTP/1.1
[12/Aug/2026 18:05:38] GET /api/capture/latest?after=2863 HTTP/1.1
[12/Aug/2026 18:05:38] GET /api/capture/latest?after=2863 HTTP/1.1
[12/Aug/2026 18:05:39] GET /api/capture/latest?after=2863 HTTP/1.1
[12/Aug/2026 18:05:39] GET /api/capture/latest?after=2863 HTTP/1.1
[12/Aug/2026 18:05:40] GET /api/capture/latest?after=2863 HTTP/1.1
[12/Aug/2026 18:05:40] GET /api/capture/latest?after=2863 HTTP/1.1
[12/Aug/2026 18:05:41] GET /api/capture/latest?after=2863 HTTP/1.1
[12/Aug/2026 18:05:41] GET /api/capture/latest?after=2863 HTTP/1.1
[12/Aug/2026 18:05:42] GET /api/capture/latest?after=2863 HTTP/1.1
[12/Aug/2026 18:05:42] GET /api/status HTTP/1.1
[12/Aug/2026 18:05:42] GET /api/capture/latest?after=2863 HTTP/1.1
[12/Aug/2026 18:05:43] GET /api/capture/latest?after=2863 HTTP/1.1
[12/Aug/2026 18:05:43] GET /api/capture/latest?after=2863 HTTP/1.1
[12/Aug/2026 18:05:44] GET /api/capture/latest?after=2863 HTTP/1.1
[12/Aug/2026 18:05:44] GET /api/capture/latest?after=2863 HTTP/1.1
[12/Aug/2026 18:05:45] GET /api/capture/latest?after=2863 HTTP/1.1
[12/Aug/2026 18:05:45] GET /api/capture/latest?after=2863 HTTP/1.1
[12/Aug/2026 18:05:46] GET /api/capture/latest?after=2863 HTTP/1.1
[12/Aug/2026 18:05:46] GET /api/capture/latest?after=2863 HTTP/1.1
[12/Aug/2026 18:05:47] GET /api/capture/latest?after=2863 HTTP/1.1
[12/Aug/2026 18:05:47] GET /api/status HTTP/1.1
[12/Aug/2026 18:05:47] GET /api/capture/latest?after=2863 HTTP/1.1
[12/Aug/2026 18:05:48] GET /api/capture/latest?after=2863 HTTP/1.1
[12/Aug/2026 18:05:48] GET /api/capture/latest?after=2863 HTTP/1.1
[12/Aug/2026 18:05:49] GET /api/capture/latest?after=2863 HTTP/1.1
[12/Aug/2026 18:05:49] GET /api/capture/latest?after=2863 HTTP/1.1
[12/Aug/2026 18:05:50] GET /api/capture/latest?after=2863 HTTP/1.1
[12/Aug/2026 18:05:50] GET /api/capture/latest?after=2863 HTTP/1.1
[12/Aug/2026 18:05:51] GET /api/capture/latest?after=2863 HTTP/1.1
[12/Aug/2026 18:05:51] GET /api/capture/latest?after=2863 HTTP/1.1
[12/Aug/2026 18:05:52] GET /api/capture/latest?after=2863 HTTP/1.1
[12/Aug/2026 18:05:52] GET /api/status HTTP/1.1
[12/Aug/2026 18:05:52] GET /api/capture/latest?after=2863 HTTP/1.1
[12/Aug/2026 18:05:53] GET /api/capture/latest?after=2863 HTTP/1.1
[12/Aug/2026 18:05:53] GET /api/capture/latest?after=2863 HTTP/1.1
[12/Aug/2026 18:05:54] GET /api/capture/latest?after=2863 HTTP/1.1
[12/Aug/2026 18:05:54] GET /api/capture/latest?after=2863 HTTP/1.1
[12/Aug/2026 18:05:55] GET /api/capture/latest?after=2864 HTTP/1.1
[12/Aug/2026 18:05:55] GET /api/capture/latest?after=2864 HTTP/1.1
[12/Aug/2026 18:05:56] GET /api/capture/latest?after=2864 HTTP/1.1
[12/Aug/2026 18:05:56] GET /api/capture/latest?after=2864 HTTP/1.1
[12/Aug/2026 18:05:57] GET /api/capture/latest?after=2864 HTTP/1.1
[12/Aug/2026 18:05:57] GET /api/status HTTP/1.1
[12/Aug/2026 18:05:57] GET /api/capture/latest?after=2864 HTTP/1.1
[12/Aug/2026 18:05:58] GET /api/capture/latest?after=2864 HTTP/1.1
[12/Aug/2026 18:05:58] GET /api/capture/latest?after=2864 HTTP/1.1
[12/Aug/2026 18:05:59] GET /api/capture/latest?after=2864 HTTP/1.1
[12/Aug/2026 18:05:59] GET /api/capture/latest?after=2864 HTTP/1.1
[12/Aug/2026 18:06:00] GET /api/capture/latest?after=2864 HTTP/1.1
[12/Aug/2026 18:06:00] GET /api/capture/latest?after=2864 HTTP/1.1
[12/Aug/2026 18:06:01] GET /api/capture/latest?after=2864 HTTP/1.1
[12/Aug/2026 18:06:01] GET /api/capture/latest?after=2864 HTTP/1.1
[12/Aug/2026 18:06:02] GET /api/capture/latest?after=2864 HTTP/1.1
[12/Aug/2026 18:06:02] GET /api/status HTTP/1.1
[12/Aug/2026 18:06:02] GET /api/capture/latest?after=2864 HTTP/1.1
[12/Aug/2026 18:06:03] GET /api/capture/latest?after=2864 HTTP/1.1
[12/Aug/2026 18:06:03] GET /api/capture/latest?after=2864 HTTP/1.1
[12/Aug/2026 18:06:04] GET /api/capture/latest?after=2864 HTTP/1.1
[12/Aug/2026 18:06:04] GET /api/capture/latest?after=2864 HTTP/1.1
[12/Aug/2026 18:06:05] GET /api/capture/latest?after=2864 HTTP/1.1
[12/Aug/2026 18:06:05] GET /api/capture/latest?after=2864 HTTP/1.1
[12/Aug/2026 18:06:06] GET /api/capture/latest?after=2864 HTTP/1.1
[12/Aug/2026 18:06:06] GET /api/capture/latest?after=2862 HTTP/1.1
[12/Aug/2026 18:06:06] GET /api/status HTTP/1.1
[12/Aug/2026 18:06:06] GET /api/capture/latest?after=2864 HTTP/1.1
[12/Aug/2026 18:06:07] GET /api/capture/latest?after=2864 HTTP/1.1
[12/Aug/2026 18:06:07] GET /api/status HTTP/1.1
[12/Aug/2026 18:06:07] GET /api/capture/latest?after=2864 HTTP/1.1
[12/Aug/2026 18:06:08] GET /api/capture/latest?after=2864 HTTP/1.1
[12/Aug/2026 18:06:08] GET /api/capture/latest?after=2864 HTTP/1.1
[12/Aug/2026 18:06:09] GET /api/capture/latest?after=2864 HTTP/1.1
[12/Aug/2026 18:06:09] GET /api/capture/latest?after=2864 HTTP/1.1
[12/Aug/2026 18:06:10] GET /api/capture/latest?after=2864 HTTP/1.1
[12/Aug/2026 18:06:10] GET /api/capture/latest?after=2864 HTTP/1.1
[12/Aug/2026 18:06:11] GET /api/capture/latest?after=2864 HTTP/1.1
[12/Aug/2026 18:06:11] GET /api/capture/latest?after=2864 HTTP/1.1
[12/Aug/2026 18:06:12] GET /api/capture/latest?after=2864 HTTP/1.1
[12/Aug/2026 18:06:12] GET /api/status HTTP/1.1
[12/Aug/2026 18:06:12] GET /api/capture/latest?after=2864 HTTP/1.1
[12/Aug/2026 18:06:13] GET /api/capture/latest?after=2864 HTTP/1.1
[12/Aug/2026 18:06:13] GET /api/capture/latest?after=2864 HTTP/1.1
[12/Aug/2026 18:06:14] GET /api/capture/latest?after=2864 HTTP/1.1
[12/Aug/2026 18:06:14] GET /api/capture/latest?after=2864 HTTP/1.1
[12/Aug/2026 18:06:15] GET /api/capture/latest?after=2864 HTTP/1.1
[12/Aug/2026 18:06:15] GET /api/capture/latest?after=2864 HTTP/1.1
[12/Aug/2026 18:06:16] GET /api/capture/latest?after=2864 HTTP/1.1
[12/Aug/2026 18:06:16] GET /api/capture/latest?after=2864 HTTP/1.1
[12/Aug/2026 18:06:17] GET /api/capture/latest?after=2864 HTTP/1.1
[12/Aug/2026 18:06:17] GET /api/status HTTP/1.1
[12/Aug/2026 18:06:17] GET /api/capture/latest?after=2864 HTTP/1.1
[12/Aug/2026 18:06:18] GET /api/capture/latest?after=2864 HTTP/1.1
[12/Aug/2026 18:06:18] GET /api/capture/latest?after=2864 HTTP/1.1
[12/Aug/2026 18:06:19] GET /api/capture/latest?after=2864 HTTP/1.1
[12/Aug/2026 18:06:19] GET /api/capture/latest?after=2864 HTTP/1.1
[12/Aug/2026 18:06:20] GET /api/capture/latest?after=2864 HTTP/1.1
[12/Aug/2026 18:06:20] GET /api/capture/latest?after=2864 HTTP/1.1
[12/Aug/2026 18:06:21] GET /api/capture/latest?after=2864 HTTP/1.1
[12/Aug/2026 18:06:21] GET /api/capture/latest?after=2864 HTTP/1.1
[12/Aug/2026 18:06:22] GET /api/capture/latest?after=2864 HTTP/1.1
[12/Aug/2026 18:06:22] GET /api/status HTTP/1.1
[12/Aug/2026 18:06:22] GET /api/capture/latest?after=2864 HTTP/1.1
[12/Aug/2026 18:06:23] GET /api/capture/latest?after=2864 HTTP/1.1
[12/Aug/2026 18:06:23] GET /api/capture/latest?after=2865 HTTP/1.1
[12/Aug/2026 18:06:24] GET /api/capture/latest?after=2865 HTTP/1.1
[12/Aug/2026 18:06:24] GET /api/capture/latest?after=2865 HTTP/1.1
[12/Aug/2026 18:06:25] GET /api/capture/latest?after=2865 HTTP/1.1
[12/Aug/2026 18:06:25] GET /api/capture/latest?after=2865 HTTP/1.1
[12/Aug/2026 18:06:26] GET /api/capture/latest?after=2865 HTTP/1.1
[12/Aug/2026 18:06:26] GET /api/capture/latest?after=2865 HTTP/1.1
[12/Aug/2026 18:06:27] GET /api/capture/latest?after=2865 HTTP/1.1
[12/Aug/2026 18:06:27] GET /api/status HTTP/1.1
[12/Aug/2026 18:06:27] GET /api/capture/latest?after=2865 HTTP/1.1
[12/Aug/2026 18:06:28] GET /api/capture/latest?after=2865 HTTP/1.1
[12/Aug/2026 18:06:28] GET /api/capture/latest?after=2865 HTTP/1.1
[12/Aug/2026 18:06:29] GET /api/capture/latest?after=2865 HTTP/1.1
[12/Aug/2026 18:06:29] GET /api/capture/latest?after=2865 HTTP/1.1
[12/Aug/2026 18:06:30] GET /api/capture/latest?after=2865 HTTP/1.1
[12/Aug/2026 18:06:30] GET /api/capture/latest?after=2865 HTTP/1.1
[12/Aug/2026 18:06:31] GET /api/capture/latest?after=2865 HTTP/1.1
[12/Aug/2026 18:06:31] GET /api/capture/latest?after=2865 HTTP/1.1
[12/Aug/2026 18:06:32] GET /api/capture/latest?after=2865 HTTP/1.1
[12/Aug/2026 18:06:32] GET /api/status HTTP/1.1
[12/Aug/2026 18:06:32] GET /api/capture/latest?after=2865 HTTP/1.1
[12/Aug/2026 18:06:33] GET /api/capture/latest?after=2865 HTTP/1.1
[12/Aug/2026 18:06:33] GET /api/capture/latest?after=2865 HTTP/1.1
[12/Aug/2026 18:06:34] GET /api/capture/latest?after=2865 HTTP/1.1
[12/Aug/2026 18:06:34] GET /api/capture/latest?after=2865 HTTP/1.1
[12/Aug/2026 18:06:35] GET /api/capture/latest?after=2865 HTTP/1.1
[12/Aug/2026 18:06:35] GET /api/capture/latest?after=2865 HTTP/1.1
[12/Aug/2026 18:06:36] GET /api/capture/latest?after=2865 HTTP/1.1
[12/Aug/2026 18:06:36] GET /api/capture/latest?after=2865 HTTP/1.1
[12/Aug/2026 18:06:37] GET /api/capture/latest?after=2865 HTTP/1.1
[12/Aug/2026 18:06:37] GET /api/status HTTP/1.1
[12/Aug/2026 18:06:37] GET /api/capture/latest?after=2865 HTTP/1.1
[12/Aug/2026 18:06:38] GET /api/capture/latest?after=2865 HTTP/1.1
[12/Aug/2026 18:06:38] GET /api/capture/latest?after=2865 HTTP/1.1
[12/Aug/2026 18:06:39] GET /api/capture/latest?after=2865 HTTP/1.1
[12/Aug/2026 18:06:39] GET /api/capture/latest?after=2865 HTTP/1.1
[12/Aug/2026 18:06:40] GET /api/capture/latest?after=2865 HTTP/1.1
[12/Aug/2026 18:06:40] GET /api/capture/latest?after=2865 HTTP/1.1
[12/Aug/2026 18:06:41] GET /api/capture/latest?after=2865 HTTP/1.1
[12/Aug/2026 18:06:41] GET /api/capture/latest?after=2865 HTTP/1.1
[12/Aug/2026 18:06:42] GET /api/capture/latest?after=2865 HTTP/1.1
[12/Aug/2026 18:06:42] GET /api/status HTTP/1.1
[12/Aug/2026 18:06:42] GET /api/capture/latest?after=2865 HTTP/1.1
[12/Aug/2026 18:06:43] GET /api/capture/latest?after=2865 HTTP/1.1
[12/Aug/2026 18:06:43] GET /api/capture/latest?after=2865 HTTP/1.1
[12/Aug/2026 18:06:44] GET /api/capture/latest?after=2865 HTTP/1.1
[12/Aug/2026 18:06:44] GET /api/capture/latest?after=2865 HTTP/1.1
[12/Aug/2026 18:06:45] GET /api/capture/latest?after=2865 HTTP/1.1
[12/Aug/2026 18:06:45] GET /api/capture/latest?after=2865 HTTP/1.1
[12/Aug/2026 18:06:46] GET /api/capture/latest?after=2865 HTTP/1.1
[12/Aug/2026 18:06:46] GET /api/capture/latest?after=2865 HTTP/1.1
[12/Aug/2026 18:06:47] GET /api/capture/latest?after=2865 HTTP/1.1
[12/Aug/2026 18:06:47] GET /api/status HTTP/1.1
[12/Aug/2026 18:06:47] GET /api/capture/latest?after=2865 HTTP/1.1
[12/Aug/2026 18:06:48] GET /api/capture/latest?after=2865 HTTP/1.1
[12/Aug/2026 18:06:48] GET /api/capture/latest?after=2865 HTTP/1.1
[12/Aug/2026 18:06:49] GET /api/capture/latest?after=2865 HTTP/1.1
[12/Aug/2026 18:06:49] GET /api/capture/latest?after=2865 HTTP/1.1
[12/Aug/2026 18:06:50] GET /api/capture/latest?after=2865 HTTP/1.1
[12/Aug/2026 18:06:50] GET /api/capture/latest?after=2865 HTTP/1.1
[12/Aug/2026 18:06:51] GET /api/capture/latest?after=2865 HTTP/1.1
[12/Aug/2026 18:06:51] GET /api/capture/latest?after=2866 HTTP/1.1
[12/Aug/2026 18:06:52] GET /api/capture/latest?after=2866 HTTP/1.1
[12/Aug/2026 18:06:52] GET /api/status HTTP/1.1
[12/Aug/2026 18:06:52] GET /api/capture/latest?after=2866 HTTP/1.1
[12/Aug/2026 18:06:53] GET /api/capture/latest?after=2866 HTTP/1.1
[12/Aug/2026 18:06:53] GET /api/capture/latest?after=2866 HTTP/1.1
[12/Aug/2026 18:06:54] GET /api/capture/latest?after=2866 HTTP/1.1
[12/Aug/2026 18:06:54] GET /api/capture/latest?after=2866 HTTP/1.1
[12/Aug/2026 18:06:55] GET /api/capture/latest?after=2866 HTTP/1.1
[12/Aug/2026 18:06:55] GET /api/capture/latest?after=2866 HTTP/1.1
[12/Aug/2026 18:06:56] GET /api/capture/latest?after=2866 HTTP/1.1
[12/Aug/2026 18:06:56] GET /api/capture/latest?after=2866 HTTP/1.1
[12/Aug/2026 18:06:57] GET /api/capture/latest?after=2866 HTTP/1.1
[12/Aug/2026 18:06:57] GET /api/status HTTP/1.1
[12/Aug/2026 18:06:57] GET /api/capture/latest?after=2866 HTTP/1.1
[12/Aug/2026 18:06:58] GET /api/capture/latest?after=2866 HTTP/1.1
[12/Aug/2026 18:06:58] GET /api/capture/latest?after=2866 HTTP/1.1
[12/Aug/2026 18:06:59] GET /api/capture/latest?after=2866 HTTP/1.1
[12/Aug/2026 18:06:59] GET /api/capture/latest?after=2866 HTTP/1.1
[12/Aug/2026 18:07:00] GET /api/capture/latest?after=2866 HTTP/1.1
[12/Aug/2026 18:07:00] GET /api/capture/latest?after=2866 HTTP/1.1
[12/Aug/2026 18:07:01] GET /api/capture/latest?after=2866 HTTP/1.1
[12/Aug/2026 18:07:01] GET /api/capture/latest?after=2866 HTTP/1.1
[12/Aug/2026 18:07:02] GET /api/capture/latest?after=2866 HTTP/1.1
[12/Aug/2026 18:07:02] GET /api/status HTTP/1.1
[12/Aug/2026 18:07:02] GET /api/capture/latest?after=2866 HTTP/1.1
[12/Aug/2026 18:07:03] GET /api/capture/latest?after=2866 HTTP/1.1
[12/Aug/2026 18:07:03] GET /api/capture/latest?after=2866 HTTP/1.1
[12/Aug/2026 18:07:04] GET /api/capture/latest?after=2866 HTTP/1.1
[12/Aug/2026 18:07:04] GET /api/capture/latest?after=2866 HTTP/1.1
[12/Aug/2026 18:07:05] GET /api/capture/latest?after=2866 HTTP/1.1
[12/Aug/2026 18:07:05] GET /api/capture/latest?after=2866 HTTP/1.1
[12/Aug/2026 18:07:06] GET /api/capture/latest?after=2866 HTTP/1.1
[12/Aug/2026 18:07:06] GET /api/capture/latest?after=2864 HTTP/1.1
[12/Aug/2026 18:07:06] GET /api/status HTTP/1.1
[12/Aug/2026 18:07:06] GET /api/capture/latest?after=2866 HTTP/1.1
[12/Aug/2026 18:07:07] GET /api/capture/latest?after=2866 HTTP/1.1
[12/Aug/2026 18:07:07] GET /api/status HTTP/1.1
[12/Aug/2026 18:07:07] GET /api/capture/latest?after=2866 HTTP/1.1
[12/Aug/2026 18:07:08] GET /api/capture/latest?after=2866 HTTP/1.1
[12/Aug/2026 18:07:08] GET /api/capture/latest?after=2866 HTTP/1.1
[12/Aug/2026 18:07:09] GET /api/capture/latest?after=2866 HTTP/1.1
[12/Aug/2026 18:07:09] GET /api/capture/latest?after=2866 HTTP/1.1
[12/Aug/2026 18:07:10] GET /api/capture/latest?after=2866 HTTP/1.1
[12/Aug/2026 18:07:10] GET /api/capture/latest?after=2866 HTTP/1.1
[12/Aug/2026 18:07:11] GET /api/capture/latest?after=2866 HTTP/1.1
[12/Aug/2026 18:07:11] GET /api/capture/latest?after=2866 HTTP/1.1
[12/Aug/2026 18:07:12] GET /api/capture/latest?after=2866 HTTP/1.1
[12/Aug/2026 18:07:12] GET /api/status HTTP/1.1
[12/Aug/2026 18:07:12] GET /api/capture/latest?after=2866 HTTP/1.1
[12/Aug/2026 18:07:13] GET /api/capture/latest?after=2866 HTTP/1.1
[12/Aug/2026 18:07:13] GET /api/capture/latest?after=2866 HTTP/1.1
[12/Aug/2026 18:07:14] GET /api/capture/latest?after=2866 HTTP/1.1
[12/Aug/2026 18:07:14] GET /api/capture/latest?after=2866 HTTP/1.1
[12/Aug/2026 18:07:15] GET /api/capture/latest?after=2866 HTTP/1.1
[12/Aug/2026 18:07:15] GET /api/capture/latest?after=2866 HTTP/1.1
[12/Aug/2026 18:07:16] GET /api/capture/latest?after=2866 HTTP/1.1
[12/Aug/2026 18:07:16] GET /api/capture/latest?after=2866 HTTP/1.1
[12/Aug/2026 18:07:17] GET /api/capture/latest?after=2866 HTTP/1.1
[12/Aug/2026 18:07:17] GET /api/status HTTP/1.1
[12/Aug/2026 18:07:17] GET /api/capture/latest?after=2866 HTTP/1.1
[12/Aug/2026 18:07:18] GET /api/capture/latest?after=2866 HTTP/1.1
[12/Aug/2026 18:07:18] GET /api/capture/latest?after=2866 HTTP/1.1
[12/Aug/2026 18:07:19] GET /api/capture/latest?after=2866 HTTP/1.1
[12/Aug/2026 18:07:19] GET /api/capture/latest?after=2867 HTTP/1.1
[12/Aug/2026 18:07:20] GET /api/capture/latest?after=2867 HTTP/1.1
[12/Aug/2026 18:07:20] GET /api/capture/latest?after=2867 HTTP/1.1
[12/Aug/2026 18:07:21] GET /api/capture/latest?after=2867 HTTP/1.1
[12/Aug/2026 18:07:21] GET /api/capture/latest?after=2867 HTTP/1.1
[12/Aug/2026 18:07:22] GET /api/capture/latest?after=2867 HTTP/1.1
[12/Aug/2026 18:07:22] GET /api/status HTTP/1.1
[12/Aug/2026 18:07:22] GET /api/capture/latest?after=2867 HTTP/1.1
[12/Aug/2026 18:07:23] GET /api/capture/latest?after=2867 HTTP/1.1
[12/Aug/2026 18:07:23] GET /api/capture/latest?after=2867 HTTP/1.1
[12/Aug/2026 18:07:24] GET /api/capture/latest?after=2867 HTTP/1.1
[12/Aug/2026 18:07:24] GET /api/capture/latest?after=2867 HTTP/1.1
[12/Aug/2026 18:07:25] GET /api/capture/latest?after=2867 HTTP/1.1
[12/Aug/2026 18:07:25] GET /api/capture/latest?after=2867 HTTP/1.1
[12/Aug/2026 18:07:26] GET /api/capture/latest?after=2867 HTTP/1.1
[12/Aug/2026 18:07:26] GET /api/capture/latest?after=2867 HTTP/1.1
[12/Aug/2026 18:07:27] GET /api/capture/latest?after=2867 HTTP/1.1
[12/Aug/2026 18:07:27] GET /api/status HTTP/1.1
[12/Aug/2026 18:07:27] GET /api/capture/latest?after=2867 HTTP/1.1
[12/Aug/2026 18:07:28] GET /api/capture/latest?after=2867 HTTP/1.1
[12/Aug/2026 18:07:28] GET /api/capture/latest?after=2867 HTTP/1.1
[12/Aug/2026 18:07:29] GET /api/capture/latest?after=2867 HTTP/1.1
[12/Aug/2026 18:07:29] GET /api/capture/latest?after=2867 HTTP/1.1
[12/Aug/2026 18:07:30] GET /api/capture/latest?after=2867 HTTP/1.1
[12/Aug/2026 18:07:30] GET /api/capture/latest?after=2867 HTTP/1.1
[12/Aug/2026 18:07:31] GET /api/capture/latest?after=2867 HTTP/1.1
[12/Aug/2026 18:07:31] GET /api/capture/latest?after=2867 HTTP/1.1
[12/Aug/2026 18:07:32] GET /api/capture/latest?after=2867 HTTP/1.1
[12/Aug/2026 18:07:32] GET /api/status HTTP/1.1
[12/Aug/2026 18:07:32] GET /api/capture/latest?after=2867 HTTP/1.1
[12/Aug/2026 18:07:33] GET /api/capture/latest?after=2867 HTTP/1.1
[12/Aug/2026 18:07:33] GET /api/capture/latest?after=2867 HTTP/1.1
[12/Aug/2026 18:07:34] GET /api/capture/latest?after=2867 HTTP/1.1
[12/Aug/2026 18:07:34] GET /api/capture/latest?after=2867 HTTP/1.1
[12/Aug/2026 18:07:35] GET /api/capture/latest?after=2867 HTTP/1.1
[12/Aug/2026 18:07:35] GET /api/capture/latest?after=2867 HTTP/1.1
[12/Aug/2026 18:07:36] GET /api/capture/latest?after=2867 HTTP/1.1
[12/Aug/2026 18:07:36] GET /api/capture/latest?after=2867 HTTP/1.1
[12/Aug/2026 18:07:37] GET /api/capture/latest?after=2867 HTTP/1.1
[12/Aug/2026 18:07:37] GET /api/status HTTP/1.1
[12/Aug/2026 18:07:37] GET /api/capture/latest?after=2867 HTTP/1.1
[12/Aug/2026 18:07:38] GET /api/capture/latest?after=2867 HTTP/1.1
[12/Aug/2026 18:07:38] GET /api/capture/latest?after=2867 HTTP/1.1
[12/Aug/2026 18:07:39] GET /api/capture/latest?after=2867 HTTP/1.1
[12/Aug/2026 18:07:39] GET /api/capture/latest?after=2867 HTTP/1.1
[12/Aug/2026 18:07:40] GET /api/capture/latest?after=2867 HTTP/1.1
[12/Aug/2026 18:07:40] GET /api/capture/latest?after=2867 HTTP/1.1
[12/Aug/2026 18:07:41] GET /api/capture/latest?after=2867 HTTP/1.1
[12/Aug/2026 18:07:41] GET /api/capture/latest?after=2867 HTTP/1.1
[12/Aug/2026 18:07:42] GET /api/capture/latest?after=2867 HTTP/1.1
[12/Aug/2026 18:07:42] GET /api/status HTTP/1.1
[12/Aug/2026 18:07:42] GET /api/capture/latest?after=2867 HTTP/1.1
[12/Aug/2026 18:07:43] GET /api/capture/latest?after=2867 HTTP/1.1
[12/Aug/2026 18:07:43] GET /api/capture/latest?after=2867 HTTP/1.1
[12/Aug/2026 18:07:44] GET /api/capture/latest?after=2867 HTTP/1.1
[12/Aug/2026 18:07:44] GET /api/capture/latest?after=2867 HTTP/1.1
[12/Aug/2026 18:07:45] GET /api/capture/latest?after=2867 HTTP/1.1
[12/Aug/2026 18:07:45] GET /api/capture/latest?after=2867 HTTP/1.1
[12/Aug/2026 18:07:46] GET /api/capture/latest?after=2867 HTTP/1.1
[12/Aug/2026 18:07:46] GET /api/capture/latest?after=2867 HTTP/1.1
[12/Aug/2026 18:07:47] GET /api/capture/latest?after=2867 HTTP/1.1
[12/Aug/2026 18:07:47] GET /api/status HTTP/1.1
[12/Aug/2026 18:07:47] GET /api/capture/latest?after=2867 HTTP/1.1
[12/Aug/2026 18:07:48] GET /api/capture/latest?after=2868 HTTP/1.1
[12/Aug/2026 18:07:48] GET /api/capture/latest?after=2868 HTTP/1.1
[12/Aug/2026 18:07:49] GET /api/capture/latest?after=2868 HTTP/1.1
[12/Aug/2026 18:07:49] GET /api/capture/latest?after=2868 HTTP/1.1
[12/Aug/2026 18:07:50] GET /api/capture/latest?after=2868 HTTP/1.1
[12/Aug/2026 18:07:50] GET /api/capture/latest?after=2868 HTTP/1.1
[12/Aug/2026 18:07:51] GET /api/capture/latest?after=2868 HTTP/1.1
[12/Aug/2026 18:07:51] GET /api/capture/latest?after=2868 HTTP/1.1
[12/Aug/2026 18:07:52] GET /api/capture/latest?after=2868 HTTP/1.1
[12/Aug/2026 18:07:52] GET /api/status HTTP/1.1
[12/Aug/2026 18:07:52] GET /api/capture/latest?after=2868 HTTP/1.1
[12/Aug/2026 18:07:53] GET /api/capture/latest?after=2868 HTTP/1.1
[12/Aug/2026 18:07:53] GET /api/capture/latest?after=2868 HTTP/1.1
[12/Aug/2026 18:07:54] GET /api/capture/latest?after=2868 HTTP/1.1
[12/Aug/2026 18:07:54] GET /api/capture/latest?after=2868 HTTP/1.1
[12/Aug/2026 18:07:55] GET /api/capture/latest?after=2868 HTTP/1.1
[12/Aug/2026 18:07:55] GET /api/capture/latest?after=2868 HTTP/1.1
[12/Aug/2026 18:07:56] GET /api/capture/latest?after=2868 HTTP/1.1
[12/Aug/2026 18:07:56] GET /api/capture/latest?after=2868 HTTP/1.1
[12/Aug/2026 18:07:57] GET /api/capture/latest?after=2868 HTTP/1.1
[12/Aug/2026 18:07:57] GET /api/status HTTP/1.1
[12/Aug/2026 18:07:57] GET /api/capture/latest?after=2868 HTTP/1.1
[12/Aug/2026 18:07:58] GET /api/capture/latest?after=2868 HTTP/1.1
[12/Aug/2026 18:07:58] GET /api/capture/latest?after=2868 HTTP/1.1
[12/Aug/2026 18:07:59] GET /api/capture/latest?after=2868 HTTP/1.1
[12/Aug/2026 18:07:59] GET /api/capture/latest?after=2868 HTTP/1.1
[12/Aug/2026 18:08:00] GET /api/capture/latest?after=2868 HTTP/1.1
[12/Aug/2026 18:08:00] GET /api/capture/latest?after=2868 HTTP/1.1
[12/Aug/2026 18:08:01] GET /api/capture/latest?after=2868 HTTP/1.1
[12/Aug/2026 18:08:01] GET /api/capture/latest?after=2868 HTTP/1.1
[12/Aug/2026 18:08:02] GET /api/capture/latest?after=2868 HTTP/1.1
[12/Aug/2026 18:08:02] GET /api/status HTTP/1.1
[12/Aug/2026 18:08:02] GET /api/capture/latest?after=2868 HTTP/1.1
[12/Aug/2026 18:08:03] GET /api/capture/latest?after=2868 HTTP/1.1
[12/Aug/2026 18:08:03] GET /api/capture/latest?after=2868 HTTP/1.1
[12/Aug/2026 18:08:04] GET /api/capture/latest?after=2868 HTTP/1.1
[12/Aug/2026 18:08:04] GET /api/capture/latest?after=2868 HTTP/1.1
[12/Aug/2026 18:08:05] GET /api/capture/latest?after=2868 HTTP/1.1
[12/Aug/2026 18:08:05] GET /api/capture/latest?after=2868 HTTP/1.1
[12/Aug/2026 18:08:06] GET /api/capture/latest?after=2868 HTTP/1.1
[12/Aug/2026 18:08:06] GET /api/capture/latest?after=2866 HTTP/1.1
[12/Aug/2026 18:08:06] GET /api/status HTTP/1.1
[12/Aug/2026 18:08:06] GET /api/capture/latest?after=2868 HTTP/1.1
[12/Aug/2026 18:08:07] GET /api/capture/latest?after=2868 HTTP/1.1
[12/Aug/2026 18:08:07] GET /api/status HTTP/1.1
[12/Aug/2026 18:08:07] GET /api/capture/latest?after=2868 HTTP/1.1
[12/Aug/2026 18:08:08] GET /api/capture/latest?after=2868 HTTP/1.1
[12/Aug/2026 18:08:08] GET /api/capture/latest?after=2868 HTTP/1.1
[12/Aug/2026 18:08:09] GET /api/capture/latest?after=2868 HTTP/1.1
[12/Aug/2026 18:08:09] GET /api/capture/latest?after=2868 HTTP/1.1
[12/Aug/2026 18:08:10] GET /api/capture/latest?after=2868 HTTP/1.1
[12/Aug/2026 18:08:10] GET /api/capture/latest?after=2868 HTTP/1.1
[12/Aug/2026 18:08:11] GET /api/capture/latest?after=2868 HTTP/1.1
[12/Aug/2026 18:08:11] GET /api/capture/latest?after=2868 HTTP/1.1
[12/Aug/2026 18:08:12] GET /api/capture/latest?after=2868 HTTP/1.1
[12/Aug/2026 18:08:12] GET /api/status HTTP/1.1
[12/Aug/2026 18:08:12] GET /api/capture/latest?after=2868 HTTP/1.1
[12/Aug/2026 18:08:13] GET /api/capture/latest?after=2868 HTTP/1.1
[12/Aug/2026 18:08:13] GET /api/capture/latest?after=2868 HTTP/1.1
[12/Aug/2026 18:08:14] GET /api/capture/latest?after=2868 HTTP/1.1
[12/Aug/2026 18:08:14] GET /api/capture/latest?after=2868 HTTP/1.1
[12/Aug/2026 18:08:15] GET /api/capture/latest?after=2868 HTTP/1.1
[12/Aug/2026 18:08:15] GET /api/capture/latest?after=2868 HTTP/1.1
[12/Aug/2026 18:08:16] GET /api/capture/latest?after=2869 HTTP/1.1
[12/Aug/2026 18:08:16] GET /api/capture/latest?after=2869 HTTP/1.1
[12/Aug/2026 18:08:17] GET /api/capture/latest?after=2869 HTTP/1.1
[12/Aug/2026 18:08:17] GET /api/status HTTP/1.1
[12/Aug/2026 18:08:17] GET /api/capture/latest?after=2869 HTTP/1.1
[12/Aug/2026 18:08:18] GET /api/capture/latest?after=2869 HTTP/1.1
[12/Aug/2026 18:08:18] GET /api/capture/latest?after=2869 HTTP/1.1
[12/Aug/2026 18:08:19] GET /api/capture/latest?after=2869 HTTP/1.1
[12/Aug/2026 18:08:19] GET /api/capture/latest?after=2869 HTTP/1.1
[12/Aug/2026 18:08:20] GET /api/capture/latest?after=2869 HTTP/1.1
[12/Aug/2026 18:08:20] GET /api/capture/latest?after=2869 HTTP/1.1
[12/Aug/2026 18:08:21] GET /api/capture/latest?after=2869 HTTP/1.1
[12/Aug/2026 18:08:21] GET /api/capture/latest?after=2869 HTTP/1.1
[12/Aug/2026 18:08:22] GET /api/capture/latest?after=2869 HTTP/1.1
[12/Aug/2026 18:08:22] GET /api/status HTTP/1.1
[12/Aug/2026 18:08:22] GET /api/capture/latest?after=2869 HTTP/1.1
[12/Aug/2026 18:08:23] GET /api/capture/latest?after=2869 HTTP/1.1
[12/Aug/2026 18:08:23] GET /api/capture/latest?after=2869 HTTP/1.1
[12/Aug/2026 18:08:24] GET /api/capture/latest?after=2869 HTTP/1.1
[12/Aug/2026 18:08:24] GET /api/capture/latest?after=2869 HTTP/1.1
[12/Aug/2026 18:08:25] GET /api/capture/latest?after=2869 HTTP/1.1
[12/Aug/2026 18:08:25] GET /api/capture/latest?after=2869 HTTP/1.1
[12/Aug/2026 18:08:26] GET /api/capture/latest?after=2869 HTTP/1.1
[12/Aug/2026 18:08:26] GET /api/capture/latest?after=2869 HTTP/1.1
[12/Aug/2026 18:08:27] GET /api/capture/latest?after=2869 HTTP/1.1
[12/Aug/2026 18:08:27] GET /api/status HTTP/1.1
[12/Aug/2026 18:08:27] GET /api/capture/latest?after=2869 HTTP/1.1
[12/Aug/2026 18:08:28] GET /api/capture/latest?after=2869 HTTP/1.1
[12/Aug/2026 18:08:28] GET /api/capture/latest?after=2869 HTTP/1.1
[12/Aug/2026 18:08:29] GET /api/capture/latest?after=2869 HTTP/1.1
[12/Aug/2026 18:08:29] GET /api/capture/latest?after=2869 HTTP/1.1
[12/Aug/2026 18:08:30] GET /api/capture/latest?after=2869 HTTP/1.1
[12/Aug/2026 18:08:30] GET /api/capture/latest?after=2869 HTTP/1.1
[12/Aug/2026 18:08:31] GET /api/capture/latest?after=2869 HTTP/1.1
[12/Aug/2026 18:08:31] GET /api/capture/latest?after=2869 HTTP/1.1
[12/Aug/2026 18:08:32] GET /api/capture/latest?after=2869 HTTP/1.1
[12/Aug/2026 18:08:32] GET /api/status HTTP/1.1
[12/Aug/2026 18:08:32] GET /api/capture/latest?after=2869 HTTP/1.1
[12/Aug/2026 18:08:33] GET /api/capture/latest?after=2869 HTTP/1.1
[12/Aug/2026 18:08:33] GET /api/capture/latest?after=2869 HTTP/1.1
[12/Aug/2026 18:08:34] GET /api/capture/latest?after=2869 HTTP/1.1
[12/Aug/2026 18:08:34] GET /api/capture/latest?after=2869 HTTP/1.1
[12/Aug/2026 18:08:35] GET /api/capture/latest?after=2869 HTTP/1.1
[12/Aug/2026 18:08:35] GET /api/capture/latest?after=2869 HTTP/1.1
[12/Aug/2026 18:08:36] GET /api/capture/latest?after=2869 HTTP/1.1
[12/Aug/2026 18:08:36] GET /api/capture/latest?after=2869 HTTP/1.1
[12/Aug/2026 18:08:37] GET /api/capture/latest?after=2869 HTTP/1.1
[12/Aug/2026 18:08:37] GET /api/status HTTP/1.1
[12/Aug/2026 18:08:37] GET /api/capture/latest?after=2869 HTTP/1.1
[12/Aug/2026 18:08:38] GET /api/capture/latest?after=2869 HTTP/1.1
[12/Aug/2026 18:08:38] GET /api/capture/latest?after=2869 HTTP/1.1
[12/Aug/2026 18:08:39] GET /api/capture/latest?after=2869 HTTP/1.1
[12/Aug/2026 18:08:39] GET /api/capture/latest?after=2869 HTTP/1.1
[12/Aug/2026 18:08:40] GET /api/capture/latest?after=2869 HTTP/1.1
[12/Aug/2026 18:08:40] GET /api/capture/latest?after=2869 HTTP/1.1
[12/Aug/2026 18:08:41] GET /api/capture/latest?after=2869 HTTP/1.1
[12/Aug/2026 18:08:41] GET /api/capture/latest?after=2869 HTTP/1.1
[12/Aug/2026 18:08:42] GET /api/capture/latest?after=2869 HTTP/1.1
[12/Aug/2026 18:08:42] GET /api/status HTTP/1.1
[12/Aug/2026 18:08:42] GET /api/capture/latest?after=2869 HTTP/1.1
[12/Aug/2026 18:08:43] GET /api/capture/latest?after=2869 HTTP/1.1
[12/Aug/2026 18:08:43] GET /api/capture/latest?after=2869 HTTP/1.1
[12/Aug/2026 18:08:44] GET /api/capture/latest?after=2870 HTTP/1.1
[12/Aug/2026 18:08:44] GET /api/capture/latest?after=2870 HTTP/1.1
[12/Aug/2026 18:08:45] GET /api/capture/latest?after=2870 HTTP/1.1
[12/Aug/2026 18:08:45] GET /api/capture/latest?after=2870 HTTP/1.1
[12/Aug/2026 18:08:46] GET /api/capture/latest?after=2870 HTTP/1.1
[12/Aug/2026 18:08:46] GET /api/capture/latest?after=2870 HTTP/1.1
[12/Aug/2026 18:08:47] GET /api/capture/latest?after=2870 HTTP/1.1
[12/Aug/2026 18:08:47] GET /api/status HTTP/1.1
[12/Aug/2026 18:08:47] GET /api/capture/latest?after=2870 HTTP/1.1
[12/Aug/2026 18:08:48] GET /api/capture/latest?after=2870 HTTP/1.1
[12/Aug/2026 18:08:48] GET /api/capture/latest?after=2870 HTTP/1.1
[12/Aug/2026 18:08:49] GET /api/capture/latest?after=2870 HTTP/1.1
[12/Aug/2026 18:08:49] GET /api/capture/latest?after=2870 HTTP/1.1
[12/Aug/2026 18:08:50] GET /api/capture/latest?after=2870 HTTP/1.1
[12/Aug/2026 18:08:50] GET /api/capture/latest?after=2870 HTTP/1.1
[12/Aug/2026 18:08:51] GET /api/capture/latest?after=2870 HTTP/1.1
[12/Aug/2026 18:08:51] GET /api/capture/latest?after=2870 HTTP/1.1
[12/Aug/2026 18:08:52] GET /api/capture/latest?after=2870 HTTP/1.1
[12/Aug/2026 18:08:52] GET /api/status HTTP/1.1
[12/Aug/2026 18:08:52] GET /api/capture/latest?after=2870 HTTP/1.1
[12/Aug/2026 18:08:53] GET /api/capture/latest?after=2870 HTTP/1.1
[12/Aug/2026 18:08:53] GET /api/capture/latest?after=2870 HTTP/1.1
[12/Aug/2026 18:08:54] GET /api/capture/latest?after=2870 HTTP/1.1
[12/Aug/2026 18:08:54] GET /api/capture/latest?after=2870 HTTP/1.1
[12/Aug/2026 18:08:55] GET /api/capture/latest?after=2870 HTTP/1.1
[12/Aug/2026 18:08:55] GET /api/capture/latest?after=2870 HTTP/1.1
[12/Aug/2026 18:08:56] GET /api/capture/latest?after=2870 HTTP/1.1
[12/Aug/2026 18:08:56] GET /api/capture/latest?after=2870 HTTP/1.1
[12/Aug/2026 18:08:57] GET /api/capture/latest?after=2870 HTTP/1.1
[12/Aug/2026 18:08:57] GET /api/status HTTP/1.1
[12/Aug/2026 18:08:57] GET /api/capture/latest?after=2870 HTTP/1.1
[12/Aug/2026 18:08:58] GET /api/capture/latest?after=2870 HTTP/1.1
[12/Aug/2026 18:08:58] GET /api/capture/latest?after=2870 HTTP/1.1
[12/Aug/2026 18:08:59] GET /api/capture/latest?after=2870 HTTP/1.1
[12/Aug/2026 18:08:59] GET /api/capture/latest?after=2870 HTTP/1.1
[12/Aug/2026 18:09:00] GET /api/capture/latest?after=2870 HTTP/1.1
[12/Aug/2026 18:09:00] GET /api/capture/latest?after=2870 HTTP/1.1
[12/Aug/2026 18:09:01] GET /api/capture/latest?after=2870 HTTP/1.1
[12/Aug/2026 18:09:01] GET /api/capture/latest?after=2870 HTTP/1.1
[12/Aug/2026 18:09:02] GET /api/capture/latest?after=2870 HTTP/1.1
[12/Aug/2026 18:09:02] GET /api/status HTTP/1.1
[12/Aug/2026 18:09:02] GET /api/capture/latest?after=2870 HTTP/1.1
[12/Aug/2026 18:09:03] GET /api/capture/latest?after=2870 HTTP/1.1
[12/Aug/2026 18:09:03] GET /api/capture/latest?after=2870 HTTP/1.1
[12/Aug/2026 18:09:04] GET /api/capture/latest?after=2870 HTTP/1.1
[12/Aug/2026 18:09:04] GET /api/capture/latest?after=2870 HTTP/1.1
[12/Aug/2026 18:09:05] GET /api/capture/latest?after=2870 HTTP/1.1
[12/Aug/2026 18:09:05] GET /api/capture/latest?after=2870 HTTP/1.1
[12/Aug/2026 18:09:06] GET /api/capture/latest?after=2870 HTTP/1.1
[12/Aug/2026 18:09:06] GET /api/capture/latest?after=2868 HTTP/1.1
[12/Aug/2026 18:09:06] GET /api/status HTTP/1.1
[12/Aug/2026 18:09:06] GET /api/capture/latest?after=2870 HTTP/1.1
[12/Aug/2026 18:09:07] GET /api/capture/latest?after=2870 HTTP/1.1
[12/Aug/2026 18:09:07] GET /api/status HTTP/1.1
[12/Aug/2026 18:09:07] GET /api/capture/latest?after=2870 HTTP/1.1
[12/Aug/2026 18:09:08] GET /api/capture/latest?after=2870 HTTP/1.1
[12/Aug/2026 18:09:08] GET /api/capture/latest?after=2870 HTTP/1.1
[12/Aug/2026 18:09:09] GET /api/capture/latest?after=2870 HTTP/1.1
[12/Aug/2026 18:09:09] GET /api/capture/latest?after=2870 HTTP/1.1
[12/Aug/2026 18:09:10] GET /api/capture/latest?after=2870 HTTP/1.1
[12/Aug/2026 18:09:10] GET /api/capture/latest?after=2870 HTTP/1.1
[12/Aug/2026 18:09:11] GET /api/capture/latest?after=2870 HTTP/1.1
[12/Aug/2026 18:09:11] GET /api/capture/latest?after=2870 HTTP/1.1
[12/Aug/2026 18:09:12] GET /api/capture/latest?after=2870 HTTP/1.1
[12/Aug/2026 18:09:12] GET /api/status HTTP/1.1
[12/Aug/2026 18:09:12] GET /api/capture/latest?after=2871 HTTP/1.1
[12/Aug/2026 18:09:13] GET /api/capture/latest?after=2871 HTTP/1.1
[12/Aug/2026 18:09:13] GET /api/capture/latest?after=2871 HTTP/1.1
[12/Aug/2026 18:09:14] GET /api/capture/latest?after=2871 HTTP/1.1
[12/Aug/2026 18:09:14] GET /api/capture/latest?after=2871 HTTP/1.1
[12/Aug/2026 18:09:15] GET /api/capture/latest?after=2871 HTTP/1.1
[12/Aug/2026 18:09:15] GET /api/capture/latest?after=2871 HTTP/1.1
[12/Aug/2026 18:09:16] GET /api/capture/latest?after=2871 HTTP/1.1
[12/Aug/2026 18:09:16] GET /api/capture/latest?after=2871 HTTP/1.1
[12/Aug/2026 18:09:17] GET /api/capture/latest?after=2871 HTTP/1.1
[12/Aug/2026 18:09:17] GET /api/status HTTP/1.1
[12/Aug/2026 18:09:17] GET /api/capture/latest?after=2871 HTTP/1.1
[12/Aug/2026 18:09:18] GET /api/capture/latest?after=2871 HTTP/1.1
[12/Aug/2026 18:09:18] GET /api/capture/latest?after=2871 HTTP/1.1
[12/Aug/2026 18:09:19] GET /api/capture/latest?after=2871 HTTP/1.1
[12/Aug/2026 18:09:19] GET /api/capture/latest?after=2871 HTTP/1.1
[12/Aug/2026 18:09:20] GET /api/capture/latest?after=2871 HTTP/1.1
[12/Aug/2026 18:09:20] GET /api/capture/latest?after=2871 HTTP/1.1
[12/Aug/2026 18:09:21] GET /api/capture/latest?after=2871 HTTP/1.1
[12/Aug/2026 18:09:21] GET /api/capture/latest?after=2871 HTTP/1.1
[12/Aug/2026 18:09:22] GET /api/capture/latest?after=2871 HTTP/1.1
[12/Aug/2026 18:09:22] GET /api/status HTTP/1.1
[12/Aug/2026 18:09:22] GET /api/capture/latest?after=2871 HTTP/1.1
[12/Aug/2026 18:09:23] GET /api/capture/latest?after=2871 HTTP/1.1
[12/Aug/2026 18:09:23] GET /api/capture/latest?after=2871 HTTP/1.1
[12/Aug/2026 18:09:24] GET /api/capture/latest?after=2871 HTTP/1.1
[12/Aug/2026 18:09:24] GET /api/capture/latest?after=2871 HTTP/1.1
[12/Aug/2026 18:09:25] GET /api/capture/latest?after=2871 HTTP/1.1
[12/Aug/2026 18:09:25] GET /api/capture/latest?after=2871 HTTP/1.1
[12/Aug/2026 18:09:26] GET /api/capture/latest?after=2871 HTTP/1.1
[12/Aug/2026 18:09:26] GET /api/capture/latest?after=2871 HTTP/1.1
[12/Aug/2026 18:09:27] GET /api/capture/latest?after=2871 HTTP/1.1
[12/Aug/2026 18:09:27] GET /api/status HTTP/1.1
[12/Aug/2026 18:09:27] GET /api/capture/latest?after=2871 HTTP/1.1
[12/Aug/2026 18:09:28] GET /api/capture/latest?after=2871 HTTP/1.1
[12/Aug/2026 18:09:28] GET /api/capture/latest?after=2871 HTTP/1.1
[12/Aug/2026 18:09:29] GET /api/capture/latest?after=2871 HTTP/1.1
[12/Aug/2026 18:09:29] GET /api/capture/latest?after=2871 HTTP/1.1
[12/Aug/2026 18:09:30] GET /api/capture/latest?after=2871 HTTP/1.1
[12/Aug/2026 18:09:30] GET /api/capture/latest?after=2871 HTTP/1.1
[12/Aug/2026 18:09:31] GET /api/capture/latest?after=2871 HTTP/1.1
[12/Aug/2026 18:09:31] GET /api/capture/latest?after=2871 HTTP/1.1
[12/Aug/2026 18:09:32] GET /api/capture/latest?after=2871 HTTP/1.1
[12/Aug/2026 18:09:32] GET /api/status HTTP/1.1
[12/Aug/2026 18:09:32] GET /api/capture/latest?after=2871 HTTP/1.1
[12/Aug/2026 18:09:33] GET /api/capture/latest?after=2871 HTTP/1.1
[12/Aug/2026 18:09:33] GET /api/capture/latest?after=2871 HTTP/1.1
[12/Aug/2026 18:09:34] GET /api/capture/latest?after=2871 HTTP/1.1
[12/Aug/2026 18:09:34] GET /api/capture/latest?after=2871 HTTP/1.1
[12/Aug/2026 18:09:35] GET /api/capture/latest?after=2871 HTTP/1.1
[12/Aug/2026 18:09:35] GET /api/capture/latest?after=2871 HTTP/1.1
[12/Aug/2026 18:09:36] GET /api/capture/latest?after=2871 HTTP/1.1
[12/Aug/2026 18:09:36] GET /api/capture/latest?after=2871 HTTP/1.1
[12/Aug/2026 18:09:37] GET /api/capture/latest?after=2871 HTTP/1.1
[12/Aug/2026 18:09:37] GET /api/status HTTP/1.1
[12/Aug/2026 18:09:37] GET /api/capture/latest?after=2871 HTTP/1.1
[12/Aug/2026 18:09:38] GET /api/capture/latest?after=2871 HTTP/1.1
[12/Aug/2026 18:09:38] GET /api/capture/latest?after=2871 HTTP/1.1
[12/Aug/2026 18:09:39] GET /api/capture/latest?after=2871 HTTP/1.1
[12/Aug/2026 18:09:39] GET /api/capture/latest?after=2871 HTTP/1.1
[12/Aug/2026 18:09:40] GET /api/capture/latest?after=2871 HTTP/1.1
[12/Aug/2026 18:09:40] GET /api/capture/latest?after=2872 HTTP/1.1
[12/Aug/2026 18:09:41] GET /api/capture/latest?after=2872 HTTP/1.1
[12/Aug/2026 18:09:41] GET /api/capture/latest?after=2872 HTTP/1.1
[12/Aug/2026 18:09:42] GET /api/capture/latest?after=2872 HTTP/1.1
[12/Aug/2026 18:09:42] GET /api/status HTTP/1.1
[12/Aug/2026 18:09:42] GET /api/capture/latest?after=2872 HTTP/1.1
[12/Aug/2026 18:09:43] GET /api/capture/latest?after=2872 HTTP/1.1
[12/Aug/2026 18:09:43] GET /api/capture/latest?after=2872 HTTP/1.1
[12/Aug/2026 18:09:44] GET /api/capture/latest?after=2872 HTTP/1.1
[12/Aug/2026 18:09:44] GET /api/capture/latest?after=2872 HTTP/1.1
[12/Aug/2026 18:09:45] GET /api/capture/latest?after=2872 HTTP/1.1
[12/Aug/2026 18:09:45] GET /api/capture/latest?after=2872 HTTP/1.1
[12/Aug/2026 18:09:46] GET /api/capture/latest?after=2872 HTTP/1.1
[12/Aug/2026 18:09:46] GET /api/capture/latest?after=2872 HTTP/1.1
[12/Aug/2026 18:09:47] GET /api/capture/latest?after=2872 HTTP/1.1
[12/Aug/2026 18:09:47] GET /api/status HTTP/1.1
[12/Aug/2026 18:09:47] GET /api/capture/latest?after=2872 HTTP/1.1
[12/Aug/2026 18:09:48] GET /api/capture/latest?after=2872 HTTP/1.1
[12/Aug/2026 18:09:48] GET /api/capture/latest?after=2872 HTTP/1.1
[12/Aug/2026 18:09:49] GET /api/capture/latest?after=2872 HTTP/1.1
[12/Aug/2026 18:09:49] GET /api/capture/latest?after=2872 HTTP/1.1
[12/Aug/2026 18:09:50] GET /api/capture/latest?after=2872 HTTP/1.1
[12/Aug/2026 18:09:50] GET /api/capture/latest?after=2872 HTTP/1.1
[12/Aug/2026 18:09:51] GET /api/capture/latest?after=2872 HTTP/1.1
[12/Aug/2026 18:09:51] GET /api/capture/latest?after=2872 HTTP/1.1
[12/Aug/2026 18:09:52] GET /api/capture/latest?after=2872 HTTP/1.1
[12/Aug/2026 18:09:52] GET /api/status HTTP/1.1
[12/Aug/2026 18:09:52] GET /api/capture/latest?after=2872 HTTP/1.1
[12/Aug/2026 18:09:53] GET /api/capture/latest?after=2872 HTTP/1.1
[12/Aug/2026 18:09:53] GET /api/capture/latest?after=2872 HTTP/1.1
[12/Aug/2026 18:09:54] GET /api/capture/latest?after=2872 HTTP/1.1
[12/Aug/2026 18:09:54] GET /api/capture/latest?after=2872 HTTP/1.1
[12/Aug/2026 18:09:55] GET /api/capture/latest?after=2872 HTTP/1.1
[12/Aug/2026 18:09:55] GET /api/capture/latest?after=2872 HTTP/1.1
[12/Aug/2026 18:09:56] GET /api/capture/latest?after=2872 HTTP/1.1
[12/Aug/2026 18:09:56] GET /api/capture/latest?after=2872 HTTP/1.1
[12/Aug/2026 18:09:57] GET /api/capture/latest?after=2872 HTTP/1.1
[12/Aug/2026 18:09:57] GET /api/status HTTP/1.1
[12/Aug/2026 18:09:57] GET /api/capture/latest?after=2872 HTTP/1.1
[12/Aug/2026 18:09:58] GET /api/capture/latest?after=2872 HTTP/1.1
[12/Aug/2026 18:09:58] GET /api/capture/latest?after=2872 HTTP/1.1
[12/Aug/2026 18:09:59] GET /api/capture/latest?after=2872 HTTP/1.1
[12/Aug/2026 18:09:59] GET /api/capture/latest?after=2872 HTTP/1.1
[12/Aug/2026 18:10:00] GET /api/capture/latest?after=2872 HTTP/1.1
[12/Aug/2026 18:10:00] GET /api/capture/latest?after=2872 HTTP/1.1
[12/Aug/2026 18:10:01] GET /api/capture/latest?after=2872 HTTP/1.1
[12/Aug/2026 18:10:01] GET /api/capture/latest?after=2872 HTTP/1.1
[12/Aug/2026 18:10:02] GET /api/capture/latest?after=2872 HTTP/1.1
[12/Aug/2026 18:10:02] GET /api/status HTTP/1.1
[12/Aug/2026 18:10:02] GET /api/capture/latest?after=2872 HTTP/1.1
[12/Aug/2026 18:10:03] GET /api/capture/latest?after=2872 HTTP/1.1
[12/Aug/2026 18:10:03] GET /api/capture/latest?after=2872 HTTP/1.1
[12/Aug/2026 18:10:04] GET /api/capture/latest?after=2872 HTTP/1.1
[12/Aug/2026 18:10:04] GET /api/capture/latest?after=2872 HTTP/1.1
[12/Aug/2026 18:10:05] GET /api/capture/latest?after=2872 HTTP/1.1
[12/Aug/2026 18:10:05] GET /api/capture/latest?after=2872 HTTP/1.1
[12/Aug/2026 18:10:06] GET /api/capture/latest?after=2872 HTTP/1.1
[12/Aug/2026 18:10:06] GET /api/capture/latest?after=2870 HTTP/1.1
[12/Aug/2026 18:10:06] GET /api/status HTTP/1.1
[12/Aug/2026 18:10:06] GET /api/capture/latest?after=2872 HTTP/1.1
[12/Aug/2026 18:10:07] GET /api/capture/latest?after=2872 HTTP/1.1
[12/Aug/2026 18:10:07] GET /api/status HTTP/1.1
[12/Aug/2026 18:10:07] GET /api/capture/latest?after=2872 HTTP/1.1
[12/Aug/2026 18:10:08] GET /api/capture/latest?after=2872 HTTP/1.1
[12/Aug/2026 18:10:08] GET /api/capture/latest?after=2873 HTTP/1.1
[12/Aug/2026 18:10:09] GET /api/capture/latest?after=2873 HTTP/1.1
[12/Aug/2026 18:10:09] GET /api/capture/latest?after=2873 HTTP/1.1
[12/Aug/2026 18:10:10] GET /api/capture/latest?after=2873 HTTP/1.1
[12/Aug/2026 18:10:10] GET /api/capture/latest?after=2873 HTTP/1.1
[12/Aug/2026 18:10:11] GET /api/capture/latest?after=2873 HTTP/1.1
[12/Aug/2026 18:10:11] GET /api/capture/latest?after=2873 HTTP/1.1
[12/Aug/2026 18:10:12] GET /api/capture/latest?after=2873 HTTP/1.1
[12/Aug/2026 18:10:12] GET /api/status HTTP/1.1
[12/Aug/2026 18:10:12] GET /api/capture/latest?after=2873 HTTP/1.1
[12/Aug/2026 18:10:13] GET /api/capture/latest?after=2873 HTTP/1.1
[12/Aug/2026 18:10:13] GET /api/capture/latest?after=2873 HTTP/1.1
[12/Aug/2026 18:10:14] GET /api/capture/latest?after=2873 HTTP/1.1
[12/Aug/2026 18:10:14] GET /api/capture/latest?after=2873 HTTP/1.1
[12/Aug/2026 18:10:15] GET /api/capture/latest?after=2873 HTTP/1.1
[12/Aug/2026 18:10:15] GET /api/capture/latest?after=2873 HTTP/1.1
[12/Aug/2026 18:10:16] GET /api/capture/latest?after=2873 HTTP/1.1
[12/Aug/2026 18:10:17] GET /api/capture/latest?after=2873 HTTP/1.1
[12/Aug/2026 18:10:17] GET /api/status HTTP/1.1
[12/Aug/2026 18:10:18] GET /api/capture/latest?after=2873 HTTP/1.1
[12/Aug/2026 18:10:19] GET /api/capture/latest?after=2873 HTTP/1.1
[12/Aug/2026 18:10:20] GET /api/capture/latest?after=2873 HTTP/1.1
[12/Aug/2026 18:10:21] GET /api/capture/latest?after=2873 HTTP/1.1
[12/Aug/2026 18:10:22] GET /api/capture/latest?after=2873 HTTP/1.1
[12/Aug/2026 18:10:22] GET /api/status HTTP/1.1
[12/Aug/2026 18:10:23] GET /api/capture/latest?after=2873 HTTP/1.1
[12/Aug/2026 18:10:24] GET /api/capture/latest?after=2873 HTTP/1.1
[12/Aug/2026 18:10:25] GET /api/capture/latest?after=2873 HTTP/1.1
[12/Aug/2026 18:10:26] GET /api/capture/latest?after=2873 HTTP/1.1
[12/Aug/2026 18:10:27] GET /api/capture/latest?after=2873 HTTP/1.1
[12/Aug/2026 18:10:27] GET /api/status HTTP/1.1
[12/Aug/2026 18:10:28] GET /api/capture/latest?after=2873 HTTP/1.1
[12/Aug/2026 18:10:29] GET /api/capture/latest?after=2873 HTTP/1.1
[12/Aug/2026 18:10:30] GET /api/capture/latest?after=2873 HTTP/1.1
[12/Aug/2026 18:10:31] GET /api/capture/latest?after=2873 HTTP/1.1
[12/Aug/2026 18:10:32] GET /api/capture/latest?after=2873 HTTP/1.1
[12/Aug/2026 18:10:32] GET /api/status HTTP/1.1
[12/Aug/2026 18:10:33] GET /api/capture/latest?after=2873 HTTP/1.1
[12/Aug/2026 18:10:34] GET /api/capture/latest?after=2873 HTTP/1.1
[12/Aug/2026 18:10:35] GET /api/capture/latest?after=2873 HTTP/1.1
[12/Aug/2026 18:10:36] GET /api/capture/latest?after=2873 HTTP/1.1
[12/Aug/2026 18:10:37] GET /api/capture/latest?after=2874 HTTP/1.1
[12/Aug/2026 18:10:37] GET /api/status HTTP/1.1
[12/Aug/2026 18:10:38] GET /api/capture/latest?after=2874 HTTP/1.1
[12/Aug/2026 18:10:39] GET /api/capture/latest?after=2874 HTTP/1.1
[12/Aug/2026 18:10:40] GET /api/capture/latest?after=2874 HTTP/1.1
[12/Aug/2026 18:10:41] GET /api/capture/latest?after=2874 HTTP/1.1
[12/Aug/2026 18:10:42] GET /api/capture/latest?after=2874 HTTP/1.1
[12/Aug/2026 18:10:42] GET /api/status HTTP/1.1
[12/Aug/2026 18:10:43] GET /api/capture/latest?after=2874 HTTP/1.1
[12/Aug/2026 18:10:44] GET /api/capture/latest?after=2874 HTTP/1.1
[12/Aug/2026 18:10:45] GET /api/capture/latest?after=2874 HTTP/1.1
[12/Aug/2026 18:10:46] GET /api/capture/latest?after=2874 HTTP/1.1
[12/Aug/2026 18:10:47] GET /api/capture/latest?after=2874 HTTP/1.1
[12/Aug/2026 18:10:47] GET /api/status HTTP/1.1
[12/Aug/2026 18:10:48] GET /api/capture/latest?after=2874 HTTP/1.1
[12/Aug/2026 18:10:49] GET /api/capture/latest?after=2874 HTTP/1.1
[12/Aug/2026 18:10:50] GET /api/capture/latest?after=2874 HTTP/1.1
[12/Aug/2026 18:10:51] GET /api/capture/latest?after=2874 HTTP/1.1
[12/Aug/2026 18:10:52] GET /api/capture/latest?after=2874 HTTP/1.1
[12/Aug/2026 18:10:52] GET /api/status HTTP/1.1
[12/Aug/2026 18:10:53] GET /api/capture/latest?after=2874 HTTP/1.1
[12/Aug/2026 18:10:54] GET /api/capture/latest?after=2874 HTTP/1.1
[12/Aug/2026 18:10:55] GET /api/capture/latest?after=2874 HTTP/1.1
[12/Aug/2026 18:10:56] GET /api/capture/latest?after=2874 HTTP/1.1
[12/Aug/2026 18:10:57] GET /api/capture/latest?after=2874 HTTP/1.1
[12/Aug/2026 18:10:57] GET /api/status HTTP/1.1
[12/Aug/2026 18:10:58] GET /api/capture/latest?after=2874 HTTP/1.1
[12/Aug/2026 18:10:59] GET /api/capture/latest?after=2874 HTTP/1.1
[12/Aug/2026 18:11:00] GET /api/capture/latest?after=2874 HTTP/1.1
[12/Aug/2026 18:11:01] GET /api/capture/latest?after=2874 HTTP/1.1
[12/Aug/2026 18:11:02] GET /api/capture/latest?after=2874 HTTP/1.1
[12/Aug/2026 18:11:02] GET /api/status HTTP/1.1
[12/Aug/2026 18:11:03] GET /api/capture/latest?after=2874 HTTP/1.1
[12/Aug/2026 18:11:04] GET /api/capture/latest?after=2874 HTTP/1.1
[12/Aug/2026 18:11:05] GET /api/capture/latest?after=2875 HTTP/1.1
[12/Aug/2026 18:11:06] GET /api/capture/latest?after=2875 HTTP/1.1
[12/Aug/2026 18:11:06] GET /api/capture/latest?after=2872 HTTP/1.1
[12/Aug/2026 18:11:06] GET /api/status HTTP/1.1
[12/Aug/2026 18:11:07] GET /api/capture/latest?after=2875 HTTP/1.1
[12/Aug/2026 18:11:07] GET /api/status HTTP/1.1
[12/Aug/2026 18:11:08] GET /api/capture/latest?after=2875 HTTP/1.1
[12/Aug/2026 18:11:09] GET /api/capture/latest?after=2875 HTTP/1.1
[12/Aug/2026 18:11:10] GET /api/capture/latest?after=2875 HTTP/1.1
[12/Aug/2026 18:11:11] GET /api/capture/latest?after=2875 HTTP/1.1
[12/Aug/2026 18:11:12] GET /api/capture/latest?after=2875 HTTP/1.1
[12/Aug/2026 18:11:12] GET /api/status HTTP/1.1
[12/Aug/2026 18:11:13] GET /api/capture/latest?after=2875 HTTP/1.1
[12/Aug/2026 18:11:14] GET /api/capture/latest?after=2875 HTTP/1.1
[12/Aug/2026 18:11:15] GET /api/capture/latest?after=2875 HTTP/1.1
[12/Aug/2026 18:12:06] GET /api/capture/latest?after=2875 HTTP/1.1
[12/Aug/2026 18:12:06] GET /api/capture/latest?after=2875 HTTP/1.1
[12/Aug/2026 18:12:06] GET /api/status HTTP/1.1
[12/Aug/2026 18:12:06] GET /api/status HTTP/1.1
[12/Aug/2026 18:13:06] GET /api/capture/latest?after=2877 HTTP/1.1
[12/Aug/2026 18:13:06] GET /api/capture/latest?after=2877 HTTP/1.1
[12/Aug/2026 18:13:06] GET /api/status HTTP/1.1
[12/Aug/2026 18:13:06] GET /api/status HTTP/1.1
[12/Aug/2026 18:14:06] GET /api/capture/latest?after=2879 HTTP/1.1
[12/Aug/2026 18:14:06] GET /api/capture/latest?after=2879 HTTP/1.1
[12/Aug/2026 18:14:06] GET /api/status HTTP/1.1
[12/Aug/2026 18:14:06] GET /api/status HTTP/1.1
[12/Aug/2026 18:15:06] GET /api/capture/latest?after=2881 HTTP/1.1
[12/Aug/2026 18:15:06] GET /api/capture/latest?after=2881 HTTP/1.1
[12/Aug/2026 18:15:06] GET /api/status HTTP/1.1
[12/Aug/2026 18:15:06] GET /api/status HTTP/1.1
[12/Aug/2026 18:16:06] GET /api/capture/latest?after=2883 HTTP/1.1
[12/Aug/2026 18:16:06] GET /api/capture/latest?after=2883 HTTP/1.1
[12/Aug/2026 18:16:06] GET /api/status HTTP/1.1
[12/Aug/2026 18:16:06] GET /api/status HTTP/1.1
[12/Aug/2026 18:16:09] GET /api/capture/latest?after=2885 HTTP/1.1
[12/Aug/2026 18:16:09] GET /api/status HTTP/1.1
[12/Aug/2026 18:16:09] GET /api/capture/latest?after=2885 HTTP/1.1
[12/Aug/2026 18:16:10] GET /api/capture/latest?after=2885 HTTP/1.1
[12/Aug/2026 18:16:10] GET /api/capture/latest?after=2885 HTTP/1.1
[12/Aug/2026 18:16:11] GET /api/capture/latest?after=2885 HTTP/1.1
[12/Aug/2026 18:16:11] GET /api/capture/latest?after=2885 HTTP/1.1
[12/Aug/2026 18:16:12] GET /api/capture/latest?after=2885 HTTP/1.1
[12/Aug/2026 18:16:12] GET /api/status HTTP/1.1
[12/Aug/2026 18:16:12] GET /api/capture/latest?after=2885 HTTP/1.1
[12/Aug/2026 18:16:13] GET /api/capture/latest?after=2885 HTTP/1.1
[12/Aug/2026 18:16:13] GET /api/capture/latest?after=2885 HTTP/1.1
[12/Aug/2026 18:16:14] GET /api/capture/latest?after=2885 HTTP/1.1
[12/Aug/2026 18:16:14] GET /api/capture/latest?after=2886 HTTP/1.1
[12/Aug/2026 18:16:15] GET /api/capture/latest?after=2886 HTTP/1.1
[12/Aug/2026 18:16:15] GET /api/capture/latest?after=2886 HTTP/1.1
[12/Aug/2026 18:16:16] GET /api/capture/latest?after=2886 HTTP/1.1
[12/Aug/2026 18:16:16] GET /api/capture/latest?after=2886 HTTP/1.1
[12/Aug/2026 18:16:17] GET /api/capture/latest?after=2886 HTTP/1.1
[12/Aug/2026 18:16:17] GET /api/status HTTP/1.1
[12/Aug/2026 18:16:17] GET /api/capture/latest?after=2886 HTTP/1.1
[12/Aug/2026 18:16:18] GET /api/capture/latest?after=2886 HTTP/1.1
[12/Aug/2026 18:16:18] GET /api/capture/latest?after=2886 HTTP/1.1
[12/Aug/2026 18:16:19] GET /api/capture/latest?after=2886 HTTP/1.1
[12/Aug/2026 18:16:19] GET /api/capture/latest?after=2886 HTTP/1.1
[12/Aug/2026 18:16:20] GET /api/capture/latest?after=2886 HTTP/1.1
[12/Aug/2026 18:16:20] GET /api/capture/latest?after=2886 HTTP/1.1
[12/Aug/2026 18:16:21] GET /api/capture/latest?after=2886 HTTP/1.1
[12/Aug/2026 18:16:21] GET /api/capture/latest?after=2886 HTTP/1.1
[12/Aug/2026 18:16:22] GET /api/capture/latest?after=2886 HTTP/1.1
[12/Aug/2026 18:16:22] GET /api/status HTTP/1.1
[12/Aug/2026 18:16:22] GET /api/capture/latest?after=2886 HTTP/1.1
[12/Aug/2026 18:16:23] GET /api/capture/latest?after=2886 HTTP/1.1
[12/Aug/2026 18:16:23] GET /api/capture/latest?after=2886 HTTP/1.1
[12/Aug/2026 18:16:24] GET /api/capture/latest?after=2886 HTTP/1.1
[12/Aug/2026 18:16:24] GET /api/capture/latest?after=2886 HTTP/1.1
[12/Aug/2026 18:16:25] GET /api/capture/latest?after=2886 HTTP/1.1
[12/Aug/2026 18:16:25] GET /api/capture/latest?after=2886 HTTP/1.1
[12/Aug/2026 18:16:26] GET /api/capture/latest?after=2886 HTTP/1.1
[12/Aug/2026 18:16:26] GET /api/capture/latest?after=2886 HTTP/1.1
[12/Aug/2026 18:16:27] GET /api/capture/latest?after=2886 HTTP/1.1
[12/Aug/2026 18:16:27] GET /api/status HTTP/1.1
[12/Aug/2026 18:16:27] GET /api/capture/latest?after=2886 HTTP/1.1
[12/Aug/2026 18:16:28] GET /api/capture/latest?after=2886 HTTP/1.1
[12/Aug/2026 18:16:28] GET /api/capture/latest?after=2886 HTTP/1.1
[12/Aug/2026 18:16:29] GET /api/capture/latest?after=2886 HTTP/1.1
[12/Aug/2026 18:16:29] GET /api/capture/latest?after=2886 HTTP/1.1
[12/Aug/2026 18:16:30] GET /api/capture/latest?after=2886 HTTP/1.1
[12/Aug/2026 18:16:30] GET /api/capture/latest?after=2886 HTTP/1.1
[12/Aug/2026 18:16:31] GET /api/capture/latest?after=2886 HTTP/1.1
[12/Aug/2026 18:16:31] GET /api/capture/latest?after=2886 HTTP/1.1
[12/Aug/2026 18:16:32] GET /api/capture/latest?after=2886 HTTP/1.1
[12/Aug/2026 18:16:32] GET /api/status HTTP/1.1
[12/Aug/2026 18:16:32] GET /api/capture/latest?after=2886 HTTP/1.1
[12/Aug/2026 18:16:33] GET /api/capture/latest?after=2886 HTTP/1.1
[12/Aug/2026 18:16:33] GET /api/capture/latest?after=2886 HTTP/1.1
[12/Aug/2026 18:16:34] GET /api/capture/latest?after=2886 HTTP/1.1
[12/Aug/2026 18:16:34] GET /api/capture/latest?after=2886 HTTP/1.1
[12/Aug/2026 18:16:35] GET /api/capture/latest?after=2886 HTTP/1.1
[12/Aug/2026 18:16:35] GET /api/capture/latest?after=2886 HTTP/1.1
[12/Aug/2026 18:16:36] GET /api/capture/latest?after=2886 HTTP/1.1
[12/Aug/2026 18:16:36] GET /api/capture/latest?after=2886 HTTP/1.1
[12/Aug/2026 18:16:37] GET /api/capture/latest?after=2886 HTTP/1.1
[12/Aug/2026 18:16:37] GET /api/status HTTP/1.1
[12/Aug/2026 18:16:37] GET /api/capture/latest?after=2886 HTTP/1.1
[12/Aug/2026 18:16:38] GET /api/capture/latest?after=2886 HTTP/1.1
[12/Aug/2026 18:16:38] GET /api/capture/latest?after=2886 HTTP/1.1
[12/Aug/2026 18:16:39] GET /api/capture/latest?after=2886 HTTP/1.1
[12/Aug/2026 18:16:39] GET /api/capture/latest?after=2886 HTTP/1.1
[12/Aug/2026 18:16:40] GET /api/capture/latest?after=2886 HTTP/1.1
[12/Aug/2026 18:16:40] GET /api/capture/latest?after=2886 HTTP/1.1
[12/Aug/2026 18:16:41] GET /api/capture/latest?after=2886 HTTP/1.1
[12/Aug/2026 18:16:41] GET /api/capture/latest?after=2886 HTTP/1.1
[12/Aug/2026 18:16:42] GET /api/capture/latest?after=2886 HTTP/1.1
[12/Aug/2026 18:16:42] GET /api/status HTTP/1.1
[12/Aug/2026 18:16:42] GET /api/capture/latest?after=2886 HTTP/1.1
[12/Aug/2026 18:16:43] GET /api/capture/latest?after=2887 HTTP/1.1
[12/Aug/2026 18:16:43] GET /api/capture/latest?after=2887 HTTP/1.1
[12/Aug/2026 18:16:44] GET /api/capture/latest?after=2887 HTTP/1.1
[12/Aug/2026 18:16:44] GET /api/capture/latest?after=2887 HTTP/1.1
[12/Aug/2026 18:16:45] GET /api/capture/latest?after=2887 HTTP/1.1
[12/Aug/2026 18:16:45] GET /api/capture/latest?after=2887 HTTP/1.1
[12/Aug/2026 18:16:46] GET /api/capture/latest?after=2887 HTTP/1.1
[12/Aug/2026 18:16:46] GET /api/capture/latest?after=2887 HTTP/1.1
[12/Aug/2026 18:16:47] GET /api/capture/latest?after=2887 HTTP/1.1
[12/Aug/2026 18:16:47] GET /api/status HTTP/1.1
[12/Aug/2026 18:16:47] GET /api/capture/latest?after=2887 HTTP/1.1
[12/Aug/2026 18:16:48] GET /api/capture/latest?after=2887 HTTP/1.1
[12/Aug/2026 18:16:48] GET /api/capture/latest?after=2887 HTTP/1.1
[12/Aug/2026 18:16:49] GET /api/capture/latest?after=2887 HTTP/1.1
[12/Aug/2026 18:16:49] GET /api/capture/latest?after=2887 HTTP/1.1
[12/Aug/2026 18:16:50] GET /api/capture/latest?after=2887 HTTP/1.1
[12/Aug/2026 18:16:50] GET /api/capture/latest?after=2887 HTTP/1.1
[12/Aug/2026 18:16:51] GET /api/capture/latest?after=2887 HTTP/1.1
[12/Aug/2026 18:16:51] GET /api/capture/latest?after=2887 HTTP/1.1
[12/Aug/2026 18:16:52] GET /api/capture/latest?after=2887 HTTP/1.1
[12/Aug/2026 18:16:52] GET /api/status HTTP/1.1
[12/Aug/2026 18:16:52] GET /api/capture/latest?after=2887 HTTP/1.1
[12/Aug/2026 18:16:53] GET /api/capture/latest?after=2887 HTTP/1.1
[12/Aug/2026 18:16:53] GET /api/capture/latest?after=2887 HTTP/1.1
[12/Aug/2026 18:16:54] GET /api/capture/latest?after=2887 HTTP/1.1
[12/Aug/2026 18:16:54] GET /api/capture/latest?after=2887 HTTP/1.1
[12/Aug/2026 18:16:55] GET /api/capture/latest?after=2887 HTTP/1.1
[12/Aug/2026 18:16:55] GET /api/capture/latest?after=2887 HTTP/1.1
[12/Aug/2026 18:16:56] GET /api/capture/latest?after=2887 HTTP/1.1
[12/Aug/2026 18:16:56] GET /api/capture/latest?after=2887 HTTP/1.1
[12/Aug/2026 18:16:57] GET /api/capture/latest?after=2887 HTTP/1.1
[12/Aug/2026 18:16:57] GET /api/status HTTP/1.1
[12/Aug/2026 18:16:57] GET /api/capture/latest?after=2887 HTTP/1.1
[12/Aug/2026 18:16:58] GET /api/capture/latest?after=2887 HTTP/1.1
[12/Aug/2026 18:16:58] GET /api/capture/latest?after=2887 HTTP/1.1
[12/Aug/2026 18:16:59] GET /api/capture/latest?after=2887 HTTP/1.1
[12/Aug/2026 18:16:59] GET /api/capture/latest?after=2887 HTTP/1.1
[12/Aug/2026 18:17:00] GET /api/capture/latest?after=2887 HTTP/1.1
[12/Aug/2026 18:17:00] GET /api/capture/latest?after=2887 HTTP/1.1
[12/Aug/2026 18:17:01] GET /api/capture/latest?after=2887 HTTP/1.1
[12/Aug/2026 18:17:01] GET /api/capture/latest?after=2887 HTTP/1.1
[12/Aug/2026 18:17:02] GET /api/capture/latest?after=2887 HTTP/1.1
[12/Aug/2026 18:17:02] GET /api/status HTTP/1.1
[12/Aug/2026 18:17:02] GET /api/capture/latest?after=2887 HTTP/1.1
[12/Aug/2026 18:17:03] GET /api/capture/latest?after=2887 HTTP/1.1
[12/Aug/2026 18:17:03] GET /api/capture/latest?after=2887 HTTP/1.1
[12/Aug/2026 18:17:04] GET /api/capture/latest?after=2887 HTTP/1.1
[12/Aug/2026 18:17:04] GET /api/capture/latest?after=2887 HTTP/1.1
[12/Aug/2026 18:17:05] GET /api/capture/latest?after=2887 HTTP/1.1
[12/Aug/2026 18:17:05] GET /api/capture/latest?after=2887 HTTP/1.1
[12/Aug/2026 18:17:06] GET /api/capture/latest?after=2887 HTTP/1.1
[12/Aug/2026 18:17:06] GET /api/capture/latest?after=2885 HTTP/1.1
[12/Aug/2026 18:17:06] GET /api/status HTTP/1.1
[12/Aug/2026 18:17:06] GET /api/capture/latest?after=2887 HTTP/1.1
[12/Aug/2026 18:17:07] GET /api/capture/latest?after=2887 HTTP/1.1
[12/Aug/2026 18:17:07] GET /api/status HTTP/1.1
[12/Aug/2026 18:17:07] GET /api/capture/latest?after=2887 HTTP/1.1
[12/Aug/2026 18:17:08] GET /api/capture/latest?after=2887 HTTP/1.1
[12/Aug/2026 18:17:08] GET /api/capture/latest?after=2887 HTTP/1.1
[12/Aug/2026 18:17:09] GET /api/capture/latest?after=2887 HTTP/1.1
[12/Aug/2026 18:17:09] GET /api/capture/latest?after=2887 HTTP/1.1
[12/Aug/2026 18:17:10] GET /api/capture/latest?after=2887 HTTP/1.1
[12/Aug/2026 18:17:10] GET /api/capture/latest?after=2887 HTTP/1.1
[12/Aug/2026 18:17:11] GET /api/capture/latest?after=2888 HTTP/1.1
[12/Aug/2026 18:17:11] GET /api/capture/latest?after=2888 HTTP/1.1
[12/Aug/2026 18:17:12] GET /api/capture/latest?after=2888 HTTP/1.1
[12/Aug/2026 18:17:12] GET /api/status HTTP/1.1
[12/Aug/2026 18:17:12] GET /api/capture/latest?after=2888 HTTP/1.1
[12/Aug/2026 18:17:13] GET /api/capture/latest?after=2888 HTTP/1.1
[12/Aug/2026 18:17:13] GET /api/capture/latest?after=2888 HTTP/1.1
[12/Aug/2026 18:17:14] GET /api/capture/latest?after=2888 HTTP/1.1
[12/Aug/2026 18:17:14] GET /api/capture/latest?after=2888 HTTP/1.1
[12/Aug/2026 18:17:15] GET /api/capture/latest?after=2888 HTTP/1.1
[12/Aug/2026 18:17:15] GET /api/capture/latest?after=2888 HTTP/1.1
[12/Aug/2026 18:17:16] GET /api/capture/latest?after=2888 HTTP/1.1
[12/Aug/2026 18:17:16] GET /api/capture/latest?after=2888 HTTP/1.1
[12/Aug/2026 18:17:17] GET /api/capture/latest?after=2888 HTTP/1.1
[12/Aug/2026 18:17:17] GET /api/status HTTP/1.1
[12/Aug/2026 18:17:17] GET /api/capture/latest?after=2888 HTTP/1.1
[12/Aug/2026 18:17:18] GET /api/capture/latest?after=2888 HTTP/1.1
[12/Aug/2026 18:17:18] GET /api/capture/latest?after=2888 HTTP/1.1
[12/Aug/2026 18:17:19] GET /api/capture/latest?after=2888 HTTP/1.1
[12/Aug/2026 18:17:19] GET /api/capture/latest?after=2888 HTTP/1.1
[12/Aug/2026 18:17:20] GET /api/capture/latest?after=2888 HTTP/1.1
[12/Aug/2026 18:17:20] GET /api/capture/latest?after=2888 HTTP/1.1
[12/Aug/2026 18:17:21] GET /api/capture/latest?after=2888 HTTP/1.1
[12/Aug/2026 18:17:21] GET /api/capture/latest?after=2888 HTTP/1.1
[12/Aug/2026 18:17:22] GET /api/capture/latest?after=2888 HTTP/1.1
[12/Aug/2026 18:17:22] GET /api/status HTTP/1.1
[12/Aug/2026 18:17:22] GET /api/capture/latest?after=2888 HTTP/1.1
[12/Aug/2026 18:17:23] GET /api/capture/latest?after=2888 HTTP/1.1
[12/Aug/2026 18:17:23] GET /api/capture/latest?after=2888 HTTP/1.1
[12/Aug/2026 18:17:24] GET /api/capture/latest?after=2888 HTTP/1.1
[12/Aug/2026 18:17:24] GET /api/capture/latest?after=2888 HTTP/1.1
[12/Aug/2026 18:17:25] GET /api/capture/latest?after=2888 HTTP/1.1
[12/Aug/2026 18:17:25] GET /api/capture/latest?after=2888 HTTP/1.1
[12/Aug/2026 18:17:26] GET /api/capture/latest?after=2888 HTTP/1.1
[12/Aug/2026 18:17:26] GET /api/capture/latest?after=2888 HTTP/1.1
[12/Aug/2026 18:17:27] GET /api/capture/latest?after=2888 HTTP/1.1
[12/Aug/2026 18:17:27] GET /api/status HTTP/1.1
[12/Aug/2026 18:17:27] GET /api/capture/latest?after=2888 HTTP/1.1
[12/Aug/2026 18:17:28] GET /api/capture/latest?after=2888 HTTP/1.1
[12/Aug/2026 18:17:28] GET /api/capture/latest?after=2888 HTTP/1.1
[12/Aug/2026 18:17:29] GET /api/capture/latest?after=2888 HTTP/1.1
[12/Aug/2026 18:17:29] GET /api/capture/latest?after=2888 HTTP/1.1
[12/Aug/2026 18:17:30] GET /api/capture/latest?after=2888 HTTP/1.1
[12/Aug/2026 18:17:30] GET /api/capture/latest?after=2888 HTTP/1.1
[12/Aug/2026 18:17:31] GET /api/capture/latest?after=2888 HTTP/1.1
[12/Aug/2026 18:17:31] GET /api/capture/latest?after=2888 HTTP/1.1
[12/Aug/2026 18:17:32] GET /api/capture/latest?after=2888 HTTP/1.1
[12/Aug/2026 18:17:32] GET /api/status HTTP/1.1
[12/Aug/2026 18:17:32] GET /api/capture/latest?after=2888 HTTP/1.1
[12/Aug/2026 18:17:33] GET /api/capture/latest?after=2888 HTTP/1.1
[12/Aug/2026 18:17:33] GET /api/capture/latest?after=2888 HTTP/1.1
[12/Aug/2026 18:17:34] GET /api/capture/latest?after=2888 HTTP/1.1
[12/Aug/2026 18:17:34] GET /api/capture/latest?after=2888 HTTP/1.1
[12/Aug/2026 18:17:35] GET /api/capture/latest?after=2888 HTTP/1.1
[12/Aug/2026 18:17:35] GET /api/capture/latest?after=2888 HTTP/1.1
[12/Aug/2026 18:17:36] GET /api/capture/latest?after=2888 HTTP/1.1
[12/Aug/2026 18:17:36] GET /api/capture/latest?after=2888 HTTP/1.1
[12/Aug/2026 18:17:37] GET /api/capture/latest?after=2888 HTTP/1.1
[12/Aug/2026 18:17:37] GET /api/status HTTP/1.1
[12/Aug/2026 18:17:37] GET /api/capture/latest?after=2888 HTTP/1.1
[12/Aug/2026 18:17:38] GET /api/capture/latest?after=2888 HTTP/1.1
[12/Aug/2026 18:17:38] GET /api/capture/latest?after=2888 HTTP/1.1
[12/Aug/2026 18:17:39] GET /api/capture/latest?after=2889 HTTP/1.1
[12/Aug/2026 18:17:39] GET /api/capture/latest?after=2889 HTTP/1.1
[12/Aug/2026 18:17:40] GET /api/capture/latest?after=2889 HTTP/1.1
[12/Aug/2026 18:17:40] GET /api/capture/latest?after=2889 HTTP/1.1
[12/Aug/2026 18:17:41] GET /api/capture/latest?after=2889 HTTP/1.1
[12/Aug/2026 18:17:41] GET /api/capture/latest?after=2889 HTTP/1.1
[12/Aug/2026 18:17:42] GET /api/capture/latest?after=2889 HTTP/1.1
[12/Aug/2026 18:17:42] GET /api/status HTTP/1.1
[12/Aug/2026 18:17:42] GET /api/capture/latest?after=2889 HTTP/1.1
[12/Aug/2026 18:17:43] GET /api/capture/latest?after=2889 HTTP/1.1
[12/Aug/2026 18:17:43] GET /api/capture/latest?after=2889 HTTP/1.1
[12/Aug/2026 18:17:44] GET /api/capture/latest?after=2889 HTTP/1.1
[12/Aug/2026 18:17:44] GET /api/capture/latest?after=2889 HTTP/1.1
[12/Aug/2026 18:17:45] GET /api/capture/latest?after=2889 HTTP/1.1
[12/Aug/2026 18:17:45] GET /api/capture/latest?after=2889 HTTP/1.1
[12/Aug/2026 18:17:46] GET /api/capture/latest?after=2889 HTTP/1.1
[12/Aug/2026 18:17:46] GET /api/capture/latest?after=2889 HTTP/1.1
[12/Aug/2026 18:17:47] GET /api/capture/latest?after=2889 HTTP/1.1
[12/Aug/2026 18:17:47] GET /api/status HTTP/1.1
[12/Aug/2026 18:17:47] GET /api/capture/latest?after=2889 HTTP/1.1
[12/Aug/2026 18:17:48] GET /api/capture/latest?after=2889 HTTP/1.1
[12/Aug/2026 18:17:48] GET /api/capture/latest?after=2889 HTTP/1.1
[12/Aug/2026 18:17:49] GET /api/capture/latest?after=2889 HTTP/1.1
[12/Aug/2026 18:17:49] GET /api/capture/latest?after=2889 HTTP/1.1
[12/Aug/2026 18:17:50] GET /api/capture/latest?after=2889 HTTP/1.1
[12/Aug/2026 18:17:50] GET /api/capture/latest?after=2889 HTTP/1.1
[12/Aug/2026 18:17:51] GET /api/capture/latest?after=2889 HTTP/1.1
[12/Aug/2026 18:17:51] GET /api/capture/latest?after=2889 HTTP/1.1
[12/Aug/2026 18:17:52] GET /api/capture/latest?after=2889 HTTP/1.1
[12/Aug/2026 18:17:52] GET /api/status HTTP/1.1
[12/Aug/2026 18:17:52] GET /api/capture/latest?after=2889 HTTP/1.1
[12/Aug/2026 18:17:53] GET /api/capture/latest?after=2889 HTTP/1.1
[12/Aug/2026 18:17:53] GET /api/capture/latest?after=2889 HTTP/1.1
[12/Aug/2026 18:17:54] GET /api/capture/latest?after=2889 HTTP/1.1
[12/Aug/2026 18:17:54] GET /api/capture/latest?after=2889 HTTP/1.1
[12/Aug/2026 18:17:55] GET /api/capture/latest?after=2889 HTTP/1.1
[12/Aug/2026 18:17:55] GET /api/capture/latest?after=2889 HTTP/1.1
[12/Aug/2026 18:17:56] GET /api/capture/latest?after=2889 HTTP/1.1
[12/Aug/2026 18:17:56] GET /api/capture/latest?after=2889 HTTP/1.1
[12/Aug/2026 18:17:57] GET /api/capture/latest?after=2889 HTTP/1.1
[12/Aug/2026 18:17:57] GET /api/status HTTP/1.1
[12/Aug/2026 18:17:57] GET /api/capture/latest?after=2889 HTTP/1.1
[12/Aug/2026 18:17:58] GET /api/capture/latest?after=2889 HTTP/1.1
[12/Aug/2026 18:17:58] GET /api/capture/latest?after=2889 HTTP/1.1
[12/Aug/2026 18:17:59] GET /api/capture/latest?after=2889 HTTP/1.1
[12/Aug/2026 18:17:59] GET /api/capture/latest?after=2889 HTTP/1.1
[12/Aug/2026 18:18:00] GET /api/capture/latest?after=2889 HTTP/1.1
[12/Aug/2026 18:18:00] GET /api/capture/latest?after=2889 HTTP/1.1
[12/Aug/2026 18:18:01] GET /api/capture/latest?after=2889 HTTP/1.1
[12/Aug/2026 18:18:01] GET /api/capture/latest?after=2889 HTTP/1.1
[12/Aug/2026 18:18:02] GET /api/capture/latest?after=2889 HTTP/1.1
[12/Aug/2026 18:18:02] GET /api/status HTTP/1.1
[12/Aug/2026 18:18:02] GET /api/capture/latest?after=2889 HTTP/1.1
[12/Aug/2026 18:18:03] GET /api/capture/latest?after=2889 HTTP/1.1
[12/Aug/2026 18:18:03] GET /api/capture/latest?after=2889 HTTP/1.1
[12/Aug/2026 18:18:04] GET /api/capture/latest?after=2889 HTTP/1.1
[12/Aug/2026 18:18:04] GET /api/capture/latest?after=2889 HTTP/1.1
[12/Aug/2026 18:18:05] GET /api/capture/latest?after=2889 HTTP/1.1
[12/Aug/2026 18:18:05] GET /api/capture/latest?after=2889 HTTP/1.1
[12/Aug/2026 18:18:06] GET /api/capture/latest?after=2889 HTTP/1.1
[12/Aug/2026 18:18:06] GET /api/capture/latest?after=2887 HTTP/1.1
[12/Aug/2026 18:18:06] GET /api/status HTTP/1.1
[12/Aug/2026 18:18:06] GET /api/capture/latest?after=2889 HTTP/1.1
[12/Aug/2026 18:18:07] GET /api/capture/latest?after=2889 HTTP/1.1
[12/Aug/2026 18:18:07] GET /api/status HTTP/1.1
[12/Aug/2026 18:18:07] GET /api/capture/latest?after=2890 HTTP/1.1
[12/Aug/2026 18:18:08] GET /api/capture/latest?after=2890 HTTP/1.1
[12/Aug/2026 18:18:08] GET /api/capture/latest?after=2890 HTTP/1.1
[12/Aug/2026 18:18:09] GET /api/capture/latest?after=2890 HTTP/1.1
[12/Aug/2026 18:18:10] GET /api/capture/latest?after=2890 HTTP/1.1
[12/Aug/2026 18:18:11] GET /api/capture/latest?after=2890 HTTP/1.1
[12/Aug/2026 18:18:12] GET /api/capture/latest?after=2890 HTTP/1.1
[12/Aug/2026 18:18:12] GET /api/status HTTP/1.1
[12/Aug/2026 18:18:13] GET /api/capture/latest?after=2890 HTTP/1.1
[12/Aug/2026 18:18:14] GET /api/capture/latest?after=2890 HTTP/1.1
[12/Aug/2026 18:18:15] GET /api/capture/latest?after=2890 HTTP/1.1
[12/Aug/2026 18:18:16] GET /api/capture/latest?after=2890 HTTP/1.1
[12/Aug/2026 18:18:17] GET /api/capture/latest?after=2890 HTTP/1.1
[12/Aug/2026 18:18:17] GET /api/status HTTP/1.1
[12/Aug/2026 18:18:18] GET /api/capture/latest?after=2890 HTTP/1.1
[12/Aug/2026 18:18:19] GET /api/capture/latest?after=2890 HTTP/1.1
[12/Aug/2026 18:18:20] GET /api/capture/latest?after=2890 HTTP/1.1
[12/Aug/2026 18:18:21] GET /api/capture/latest?after=2890 HTTP/1.1
[12/Aug/2026 18:18:22] GET /api/capture/latest?after=2890 HTTP/1.1
[12/Aug/2026 18:18:22] GET /api/status HTTP/1.1
[12/Aug/2026 18:18:23] GET /api/capture/latest?after=2890 HTTP/1.1
[12/Aug/2026 18:18:24] GET /api/capture/latest?after=2890 HTTP/1.1
[12/Aug/2026 18:18:25] GET /api/capture/latest?after=2890 HTTP/1.1
[12/Aug/2026 18:18:26] GET /api/capture/latest?after=2890 HTTP/1.1
[12/Aug/2026 18:18:27] GET /api/capture/latest?after=2890 HTTP/1.1
[12/Aug/2026 18:18:27] GET /api/status HTTP/1.1
[12/Aug/2026 18:18:28] GET /api/capture/latest?after=2890 HTTP/1.1
[12/Aug/2026 18:18:29] GET /api/capture/latest?after=2890 HTTP/1.1
[12/Aug/2026 18:18:30] GET /api/capture/latest?after=2890 HTTP/1.1
[12/Aug/2026 18:18:31] GET /api/capture/latest?after=2890 HTTP/1.1
[12/Aug/2026 18:18:32] GET /api/capture/latest?after=2890 HTTP/1.1
[12/Aug/2026 18:18:32] GET /api/status HTTP/1.1
[12/Aug/2026 18:18:33] GET /api/capture/latest?after=2890 HTTP/1.1
[12/Aug/2026 18:18:34] GET /api/capture/latest?after=2890 HTTP/1.1
[12/Aug/2026 18:18:35] GET /api/capture/latest?after=2890 HTTP/1.1
[12/Aug/2026 18:18:36] GET /api/capture/latest?after=2891 HTTP/1.1
[12/Aug/2026 18:18:37] GET /api/capture/latest?after=2891 HTTP/1.1
[12/Aug/2026 18:18:37] GET /api/status HTTP/1.1
[12/Aug/2026 18:18:38] GET /api/capture/latest?after=2891 HTTP/1.1
[12/Aug/2026 18:18:39] GET /api/capture/latest?after=2891 HTTP/1.1
[12/Aug/2026 18:18:40] GET /api/capture/latest?after=2891 HTTP/1.1
[12/Aug/2026 18:18:41] GET /api/capture/latest?after=2891 HTTP/1.1
[12/Aug/2026 18:18:42] GET /api/capture/latest?after=2891 HTTP/1.1
[12/Aug/2026 18:18:42] GET /api/status HTTP/1.1
[12/Aug/2026 18:18:43] GET /api/capture/latest?after=2891 HTTP/1.1
[12/Aug/2026 18:18:43] GET /api/capture/latest?after=2891 HTTP/1.1
[12/Aug/2026 18:18:44] GET /api/capture/latest?after=2891 HTTP/1.1
[12/Aug/2026 18:18:44] GET /api/capture/latest?after=2891 HTTP/1.1
[12/Aug/2026 18:18:45] GET /api/capture/latest?after=2891 HTTP/1.1
[12/Aug/2026 18:18:45] GET /api/capture/latest?after=2891 HTTP/1.1
[12/Aug/2026 18:18:46] GET /api/capture/latest?after=2891 HTTP/1.1
[12/Aug/2026 18:18:46] GET /api/capture/latest?after=2891 HTTP/1.1
[12/Aug/2026 18:18:47] GET /api/capture/latest?after=2891 HTTP/1.1
[12/Aug/2026 18:18:47] GET /api/status HTTP/1.1
[12/Aug/2026 18:18:47] GET /api/capture/latest?after=2891 HTTP/1.1
[12/Aug/2026 18:18:48] GET /api/capture/latest?after=2891 HTTP/1.1
[12/Aug/2026 18:18:48] GET /api/capture/latest?after=2891 HTTP/1.1
[12/Aug/2026 18:18:49] GET /api/capture/latest?after=2891 HTTP/1.1
[12/Aug/2026 18:18:49] GET /api/capture/latest?after=2891 HTTP/1.1
[12/Aug/2026 18:18:50] GET /api/capture/latest?after=2891 HTTP/1.1
[12/Aug/2026 18:18:50] GET /api/capture/latest?after=2891 HTTP/1.1
[12/Aug/2026 18:18:51] GET /api/capture/latest?after=2891 HTTP/1.1
[12/Aug/2026 18:18:51] GET /api/capture/latest?after=2891 HTTP/1.1
[12/Aug/2026 18:18:52] GET /api/capture/latest?after=2891 HTTP/1.1
[12/Aug/2026 18:18:52] GET /api/status HTTP/1.1
[12/Aug/2026 18:18:52] GET /api/capture/latest?after=2891 HTTP/1.1
[12/Aug/2026 18:18:53] GET /api/capture/latest?after=2891 HTTP/1.1
[12/Aug/2026 18:18:53] GET /api/capture/latest?after=2891 HTTP/1.1
[12/Aug/2026 18:18:54] GET /api/capture/latest?after=2891 HTTP/1.1
[12/Aug/2026 18:18:54] GET /api/capture/latest?after=2891 HTTP/1.1
[12/Aug/2026 18:18:55] GET /api/capture/latest?after=2891 HTTP/1.1
[12/Aug/2026 18:18:55] GET /api/capture/latest?after=2891 HTTP/1.1
[12/Aug/2026 18:18:56] GET /api/capture/latest?after=2891 HTTP/1.1
[12/Aug/2026 18:18:56] GET /api/capture/latest?after=2891 HTTP/1.1
[12/Aug/2026 18:18:57] GET /api/capture/latest?after=2891 HTTP/1.1
[12/Aug/2026 18:18:57] GET /api/status HTTP/1.1
[12/Aug/2026 18:18:57] GET /api/capture/latest?after=2891 HTTP/1.1
[12/Aug/2026 18:18:58] GET /api/capture/latest?after=2891 HTTP/1.1
[12/Aug/2026 18:18:58] GET /api/capture/latest?after=2891 HTTP/1.1
[12/Aug/2026 18:18:59] GET /api/capture/latest?after=2891 HTTP/1.1
[12/Aug/2026 18:18:59] GET /api/capture/latest?after=2891 HTTP/1.1
[12/Aug/2026 18:19:00] GET /api/capture/latest?after=2891 HTTP/1.1
[12/Aug/2026 18:19:00] GET /api/capture/latest?after=2891 HTTP/1.1
[12/Aug/2026 18:19:01] GET /api/capture/latest?after=2891 HTTP/1.1
[12/Aug/2026 18:19:01] GET /api/capture/latest?after=2891 HTTP/1.1
[12/Aug/2026 18:19:02] GET /api/capture/latest?after=2891 HTTP/1.1
[12/Aug/2026 18:19:02] GET /api/status HTTP/1.1
[12/Aug/2026 18:19:02] GET /api/capture/latest?after=2891 HTTP/1.1
[12/Aug/2026 18:19:03] GET /api/capture/latest?after=2891 HTTP/1.1
[12/Aug/2026 18:19:03] GET /api/capture/latest?after=2892 HTTP/1.1
[12/Aug/2026 18:19:04] GET /api/capture/latest?after=2892 HTTP/1.1
[12/Aug/2026 18:19:04] GET /api/capture/latest?after=2892 HTTP/1.1
[12/Aug/2026 18:19:05] GET /api/capture/latest?after=2892 HTTP/1.1
[12/Aug/2026 18:19:05] GET /api/capture/latest?after=2892 HTTP/1.1
[12/Aug/2026 18:19:06] GET /api/capture/latest?after=2892 HTTP/1.1
[12/Aug/2026 18:19:06] GET /api/capture/latest?after=2889 HTTP/1.1
[12/Aug/2026 18:19:06] GET /api/status HTTP/1.1
[12/Aug/2026 18:19:06] GET /api/capture/latest?after=2892 HTTP/1.1
[12/Aug/2026 18:19:07] GET /api/capture/latest?after=2892 HTTP/1.1
[12/Aug/2026 18:19:07] GET /api/status HTTP/1.1
[12/Aug/2026 18:19:07] GET /api/capture/latest?after=2892 HTTP/1.1
[12/Aug/2026 18:19:08] GET /api/capture/latest?after=2892 HTTP/1.1
[12/Aug/2026 18:19:08] GET /api/capture/latest?after=2892 HTTP/1.1
[12/Aug/2026 18:19:09] GET /api/capture/latest?after=2892 HTTP/1.1
[12/Aug/2026 18:19:09] GET /api/capture/latest?after=2892 HTTP/1.1
[12/Aug/2026 18:19:10] GET /api/capture/latest?after=2892 HTTP/1.1
[12/Aug/2026 18:19:10] GET /api/capture/latest?after=2892 HTTP/1.1
[12/Aug/2026 18:19:11] GET /api/capture/latest?after=2892 HTTP/1.1
[12/Aug/2026 18:19:11] GET /api/capture/latest?after=2892 HTTP/1.1
[12/Aug/2026 18:19:12] GET /api/capture/latest?after=2892 HTTP/1.1
[12/Aug/2026 18:19:12] GET /api/status HTTP/1.1
[12/Aug/2026 18:19:12] GET /api/capture/latest?after=2892 HTTP/1.1
[12/Aug/2026 18:19:13] GET /api/capture/latest?after=2892 HTTP/1.1
[12/Aug/2026 18:19:13] GET /api/capture/latest?after=2892 HTTP/1.1
[12/Aug/2026 18:19:14] GET /api/capture/latest?after=2892 HTTP/1.1
[12/Aug/2026 18:19:14] GET /api/capture/latest?after=2892 HTTP/1.1
[12/Aug/2026 18:19:15] GET /api/capture/latest?after=2892 HTTP/1.1
[12/Aug/2026 18:19:15] GET /api/capture/latest?after=2892 HTTP/1.1
[12/Aug/2026 18:19:16] GET /api/capture/latest?after=2892 HTTP/1.1
[12/Aug/2026 18:19:16] GET /api/capture/latest?after=2892 HTTP/1.1
[12/Aug/2026 18:19:17] GET /api/capture/latest?after=2892 HTTP/1.1
[12/Aug/2026 18:19:17] GET /api/status HTTP/1.1
[12/Aug/2026 18:19:17] GET /api/capture/latest?after=2892 HTTP/1.1
[12/Aug/2026 18:19:18] GET /api/capture/latest?after=2892 HTTP/1.1
[12/Aug/2026 18:19:18] GET /api/capture/latest?after=2892 HTTP/1.1
[12/Aug/2026 18:19:19] GET /api/capture/latest?after=2892 HTTP/1.1
[12/Aug/2026 18:19:19] GET /api/capture/latest?after=2892 HTTP/1.1
[12/Aug/2026 18:19:20] GET /api/capture/latest?after=2892 HTTP/1.1
[12/Aug/2026 18:19:20] GET /api/capture/latest?after=2892 HTTP/1.1
[12/Aug/2026 18:19:21] GET /api/capture/latest?after=2892 HTTP/1.1
[12/Aug/2026 18:19:21] GET /api/capture/latest?after=2892 HTTP/1.1
[12/Aug/2026 18:19:22] GET /api/capture/latest?after=2892 HTTP/1.1
[12/Aug/2026 18:19:22] GET /api/status HTTP/1.1
[12/Aug/2026 18:19:22] GET /api/capture/latest?after=2892 HTTP/1.1
[12/Aug/2026 18:19:23] GET /api/capture/latest?after=2892 HTTP/1.1
[12/Aug/2026 18:19:23] GET /api/capture/latest?after=2892 HTTP/1.1
[12/Aug/2026 18:19:24] GET /api/capture/latest?after=2892 HTTP/1.1
[12/Aug/2026 18:19:24] GET /api/capture/latest?after=2892 HTTP/1.1
[12/Aug/2026 18:19:25] GET /api/capture/latest?after=2892 HTTP/1.1
[12/Aug/2026 18:19:25] GET /api/capture/latest?after=2892 HTTP/1.1
[12/Aug/2026 18:19:26] GET /api/capture/latest?after=2892 HTTP/1.1
[12/Aug/2026 18:19:26] GET /api/capture/latest?after=2892 HTTP/1.1
[12/Aug/2026 18:19:27] GET /api/capture/latest?after=2892 HTTP/1.1
[12/Aug/2026 18:19:27] GET /api/status HTTP/1.1
[12/Aug/2026 18:19:27] GET /api/capture/latest?after=2892 HTTP/1.1
[12/Aug/2026 18:19:28] GET /api/capture/latest?after=2892 HTTP/1.1
[12/Aug/2026 18:19:28] GET /api/capture/latest?after=2892 HTTP/1.1
[12/Aug/2026 18:19:29] GET /api/capture/latest?after=2892 HTTP/1.1
[12/Aug/2026 18:19:29] GET /api/capture/latest?after=2892 HTTP/1.1
[12/Aug/2026 18:19:30] GET /api/capture/latest?after=2892 HTTP/1.1
[12/Aug/2026 18:19:30] GET /api/capture/latest?after=2892 HTTP/1.1
[12/Aug/2026 18:19:31] GET /api/capture/latest?after=2892 HTTP/1.1
[12/Aug/2026 18:19:31] GET /api/capture/latest?after=2892 HTTP/1.1
[12/Aug/2026 18:19:32] GET /api/capture/latest?after=2893 HTTP/1.1
[12/Aug/2026 18:19:32] GET /api/status HTTP/1.1
[12/Aug/2026 18:19:32] GET /api/capture/latest?after=2893 HTTP/1.1
[12/Aug/2026 18:19:33] GET /api/capture/latest?after=2893 HTTP/1.1
[12/Aug/2026 18:19:33] GET /api/capture/latest?after=2893 HTTP/1.1
[12/Aug/2026 18:19:34] GET /api/capture/latest?after=2893 HTTP/1.1
[12/Aug/2026 18:19:34] GET /api/capture/latest?after=2893 HTTP/1.1
[12/Aug/2026 18:19:35] GET /api/capture/latest?after=2893 HTTP/1.1
[12/Aug/2026 18:19:35] GET /api/capture/latest?after=2893 HTTP/1.1
[12/Aug/2026 18:19:36] GET /api/capture/latest?after=2893 HTTP/1.1
[12/Aug/2026 18:19:36] GET /api/capture/latest?after=2893 HTTP/1.1
[12/Aug/2026 18:19:37] GET /api/capture/latest?after=2893 HTTP/1.1
[12/Aug/2026 18:19:37] GET /api/status HTTP/1.1
[12/Aug/2026 18:19:37] GET /api/capture/latest?after=2893 HTTP/1.1
[12/Aug/2026 18:19:38] GET /api/capture/latest?after=2893 HTTP/1.1
[12/Aug/2026 18:19:38] GET /api/capture/latest?after=2893 HTTP/1.1
[12/Aug/2026 18:19:39] GET /api/capture/latest?after=2893 HTTP/1.1
[12/Aug/2026 18:19:39] GET /api/capture/latest?after=2893 HTTP/1.1
[12/Aug/2026 18:19:40] GET /api/capture/latest?after=2893 HTTP/1.1
[12/Aug/2026 18:19:40] GET /api/capture/latest?after=2893 HTTP/1.1
[12/Aug/2026 18:19:41] GET /api/capture/latest?after=2893 HTTP/1.1
[12/Aug/2026 18:19:41] GET /api/capture/latest?after=2893 HTTP/1.1
[12/Aug/2026 18:19:42] GET /api/capture/latest?after=2893 HTTP/1.1
[12/Aug/2026 18:19:42] GET /api/status HTTP/1.1
[12/Aug/2026 18:19:42] GET /api/capture/latest?after=2893 HTTP/1.1
[12/Aug/2026 18:19:43] GET /api/capture/latest?after=2893 HTTP/1.1
[12/Aug/2026 18:19:43] GET /api/capture/latest?after=2893 HTTP/1.1
[12/Aug/2026 18:19:44] GET /api/capture/latest?after=2893 HTTP/1.1
[12/Aug/2026 18:19:44] GET /api/capture/latest?after=2893 HTTP/1.1
[12/Aug/2026 18:19:45] GET /api/capture/latest?after=2893 HTTP/1.1
[12/Aug/2026 18:19:45] GET /api/capture/latest?after=2893 HTTP/1.1
[12/Aug/2026 18:19:46] GET /api/capture/latest?after=2893 HTTP/1.1
[12/Aug/2026 18:19:46] GET /api/capture/latest?after=2893 HTTP/1.1
[12/Aug/2026 18:19:47] GET /api/capture/latest?after=2893 HTTP/1.1
[12/Aug/2026 18:19:47] GET /api/status HTTP/1.1
[12/Aug/2026 18:19:47] GET /api/capture/latest?after=2893 HTTP/1.1
[12/Aug/2026 18:19:48] GET /api/capture/latest?after=2893 HTTP/1.1
[12/Aug/2026 18:19:48] GET /api/capture/latest?after=2893 HTTP/1.1
[12/Aug/2026 18:19:49] GET /api/capture/latest?after=2893 HTTP/1.1
[12/Aug/2026 18:19:49] GET /api/capture/latest?after=2893 HTTP/1.1
[12/Aug/2026 18:19:50] GET /api/capture/latest?after=2893 HTTP/1.1
[12/Aug/2026 18:19:50] GET /api/capture/latest?after=2893 HTTP/1.1
[12/Aug/2026 18:19:51] GET /api/capture/latest?after=2893 HTTP/1.1
[12/Aug/2026 18:19:51] GET /api/capture/latest?after=2893 HTTP/1.1
[12/Aug/2026 18:19:52] GET /api/capture/latest?after=2893 HTTP/1.1
[12/Aug/2026 18:19:52] GET /api/status HTTP/1.1
[12/Aug/2026 18:19:52] GET /api/capture/latest?after=2893 HTTP/1.1
[12/Aug/2026 18:19:53] GET /api/capture/latest?after=2893 HTTP/1.1
[12/Aug/2026 18:19:53] GET /api/capture/latest?after=2893 HTTP/1.1
[12/Aug/2026 18:19:54] GET /api/capture/latest?after=2893 HTTP/1.1
[12/Aug/2026 18:19:54] GET /api/capture/latest?after=2893 HTTP/1.1
[12/Aug/2026 18:19:55] GET /api/capture/latest?after=2893 HTTP/1.1
[12/Aug/2026 18:19:55] GET /api/capture/latest?after=2893 HTTP/1.1
[12/Aug/2026 18:19:56] GET /api/capture/latest?after=2893 HTTP/1.1
[12/Aug/2026 18:19:56] GET /api/capture/latest?after=2893 HTTP/1.1
[12/Aug/2026 18:19:57] GET /api/capture/latest?after=2893 HTTP/1.1
[12/Aug/2026 18:19:57] GET /api/status HTTP/1.1
[12/Aug/2026 18:19:57] GET /api/capture/latest?after=2893 HTTP/1.1
[12/Aug/2026 18:19:58] GET /api/capture/latest?after=2893 HTTP/1.1
[12/Aug/2026 18:19:58] GET /api/capture/latest?after=2893 HTTP/1.1
[12/Aug/2026 18:19:59] GET /api/capture/latest?after=2893 HTTP/1.1
[12/Aug/2026 18:19:59] GET /api/capture/latest?after=2893 HTTP/1.1
[12/Aug/2026 18:20:00] GET /api/capture/latest?after=2894 HTTP/1.1
[12/Aug/2026 18:20:00] GET /api/capture/latest?after=2894 HTTP/1.1
[12/Aug/2026 18:20:01] GET /api/capture/latest?after=2894 HTTP/1.1
[12/Aug/2026 18:20:01] GET /api/capture/latest?after=2894 HTTP/1.1
[12/Aug/2026 18:20:02] GET /api/capture/latest?after=2894 HTTP/1.1
[12/Aug/2026 18:20:02] GET /api/status HTTP/1.1
[12/Aug/2026 18:20:02] GET /api/capture/latest?after=2894 HTTP/1.1
[12/Aug/2026 18:20:03] GET /api/capture/latest?after=2894 HTTP/1.1
[12/Aug/2026 18:20:03] GET /api/capture/latest?after=2894 HTTP/1.1
[12/Aug/2026 18:20:04] GET /api/capture/latest?after=2894 HTTP/1.1
[12/Aug/2026 18:20:04] GET /api/capture/latest?after=2894 HTTP/1.1
[12/Aug/2026 18:20:05] GET /api/capture/latest?after=2894 HTTP/1.1
[12/Aug/2026 18:20:05] GET /api/capture/latest?after=2894 HTTP/1.1
[12/Aug/2026 18:20:06] GET /api/capture/latest?after=2894 HTTP/1.1
[12/Aug/2026 18:20:06] GET /api/capture/latest?after=2892 HTTP/1.1
[12/Aug/2026 18:20:06] GET /api/status HTTP/1.1
[12/Aug/2026 18:20:06] GET /api/capture/latest?after=2894 HTTP/1.1
[12/Aug/2026 18:20:07] GET /api/capture/latest?after=2894 HTTP/1.1
[12/Aug/2026 18:20:07] GET /api/status HTTP/1.1
[12/Aug/2026 18:20:07] GET /api/capture/latest?after=2894 HTTP/1.1
[12/Aug/2026 18:20:08] GET /api/capture/latest?after=2894 HTTP/1.1
[12/Aug/2026 18:20:08] GET /api/capture/latest?after=2894 HTTP/1.1
[12/Aug/2026 18:20:09] GET /api/capture/latest?after=2894 HTTP/1.1
[12/Aug/2026 18:20:09] GET /api/capture/latest?after=2894 HTTP/1.1
[12/Aug/2026 18:20:10] GET /api/capture/latest?after=2894 HTTP/1.1
[12/Aug/2026 18:20:10] GET /api/capture/latest?after=2894 HTTP/1.1
[12/Aug/2026 18:20:11] GET /api/capture/latest?after=2894 HTTP/1.1
[12/Aug/2026 18:20:11] GET /api/capture/latest?after=2894 HTTP/1.1
[12/Aug/2026 18:20:12] GET /api/capture/latest?after=2894 HTTP/1.1
[12/Aug/2026 18:20:12] GET /api/status HTTP/1.1
[12/Aug/2026 18:20:12] GET /api/capture/latest?after=2894 HTTP/1.1
[12/Aug/2026 18:20:13] GET /api/capture/latest?after=2894 HTTP/1.1
[12/Aug/2026 18:20:13] GET /api/capture/latest?after=2894 HTTP/1.1
[12/Aug/2026 18:20:14] GET /api/capture/latest?after=2894 HTTP/1.1
[12/Aug/2026 18:20:14] GET /api/capture/latest?after=2894 HTTP/1.1
[12/Aug/2026 18:20:15] GET /api/capture/latest?after=2894 HTTP/1.1
[12/Aug/2026 18:20:15] GET /api/capture/latest?after=2894 HTTP/1.1
[12/Aug/2026 18:20:16] GET /api/capture/latest?after=2894 HTTP/1.1
[12/Aug/2026 18:20:16] GET /api/capture/latest?after=2894 HTTP/1.1
[12/Aug/2026 18:20:17] GET /api/capture/latest?after=2894 HTTP/1.1
[12/Aug/2026 18:20:17] GET /api/status HTTP/1.1
[12/Aug/2026 18:20:17] GET /api/capture/latest?after=2894 HTTP/1.1
[12/Aug/2026 18:20:18] GET /api/capture/latest?after=2894 HTTP/1.1
[12/Aug/2026 18:20:18] GET /api/capture/latest?after=2894 HTTP/1.1
[12/Aug/2026 18:20:19] GET /api/capture/latest?after=2894 HTTP/1.1
[12/Aug/2026 18:20:19] GET /api/capture/latest?after=2894 HTTP/1.1
[12/Aug/2026 18:20:20] GET /api/capture/latest?after=2894 HTTP/1.1
[12/Aug/2026 18:20:20] GET /api/capture/latest?after=2894 HTTP/1.1
[12/Aug/2026 18:20:21] GET /api/capture/latest?after=2894 HTTP/1.1
[12/Aug/2026 18:20:21] GET /api/capture/latest?after=2894 HTTP/1.1
[12/Aug/2026 18:20:22] GET /api/capture/latest?after=2894 HTTP/1.1
[12/Aug/2026 18:20:22] GET /api/status HTTP/1.1
[12/Aug/2026 18:20:22] GET /api/capture/latest?after=2894 HTTP/1.1
[12/Aug/2026 18:20:23] GET /api/capture/latest?after=2894 HTTP/1.1
[12/Aug/2026 18:20:23] GET /api/capture/latest?after=2894 HTTP/1.1
[12/Aug/2026 18:20:24] GET /api/capture/latest?after=2894 HTTP/1.1
[12/Aug/2026 18:20:24] GET /api/capture/latest?after=2894 HTTP/1.1
[12/Aug/2026 18:20:25] GET /api/capture/latest?after=2894 HTTP/1.1
[12/Aug/2026 18:20:25] GET /api/capture/latest?after=2894 HTTP/1.1
[12/Aug/2026 18:20:26] GET /api/capture/latest?after=2894 HTTP/1.1
[12/Aug/2026 18:20:26] GET /api/capture/latest?after=2894 HTTP/1.1
[12/Aug/2026 18:20:27] GET /api/capture/latest?after=2894 HTTP/1.1
[12/Aug/2026 18:20:27] GET /api/status HTTP/1.1
[12/Aug/2026 18:20:28] GET /api/capture/latest?after=2894 HTTP/1.1
[12/Aug/2026 18:20:29] GET /api/capture/latest?after=2895 HTTP/1.1
[12/Aug/2026 18:20:30] GET /api/capture/latest?after=2895 HTTP/1.1
[12/Aug/2026 18:20:31] GET /api/capture/latest?after=2895 HTTP/1.1
[12/Aug/2026 18:20:32] GET /api/capture/latest?after=2895 HTTP/1.1
[12/Aug/2026 18:20:32] GET /api/status HTTP/1.1
[12/Aug/2026 18:20:33] GET /api/capture/latest?after=2895 HTTP/1.1
[12/Aug/2026 18:20:34] GET /api/capture/latest?after=2895 HTTP/1.1
[12/Aug/2026 18:20:35] GET /api/capture/latest?after=2895 HTTP/1.1
[12/Aug/2026 18:20:36] GET /api/capture/latest?after=2895 HTTP/1.1
[12/Aug/2026 18:20:37] GET /api/capture/latest?after=2895 HTTP/1.1
[12/Aug/2026 18:20:37] GET /api/status HTTP/1.1
[12/Aug/2026 18:20:38] GET /api/capture/latest?after=2895 HTTP/1.1
[12/Aug/2026 18:20:39] GET /api/capture/latest?after=2895 HTTP/1.1
[12/Aug/2026 18:20:40] GET /api/capture/latest?after=2895 HTTP/1.1
[12/Aug/2026 18:20:41] GET /api/capture/latest?after=2895 HTTP/1.1
[12/Aug/2026 18:20:42] GET /api/capture/latest?after=2895 HTTP/1.1
[12/Aug/2026 18:20:42] GET /api/status HTTP/1.1
[12/Aug/2026 18:20:43] GET /api/capture/latest?after=2895 HTTP/1.1
[12/Aug/2026 18:20:44] GET /api/capture/latest?after=2895 HTTP/1.1
[12/Aug/2026 18:20:45] GET /api/capture/latest?after=2895 HTTP/1.1
[12/Aug/2026 18:20:46] GET /api/capture/latest?after=2895 HTTP/1.1
[12/Aug/2026 18:20:47] GET /api/capture/latest?after=2895 HTTP/1.1
[12/Aug/2026 18:20:47] GET /api/status HTTP/1.1
[12/Aug/2026 18:20:48] GET /api/capture/latest?after=2895 HTTP/1.1
[12/Aug/2026 18:20:49] GET /api/capture/latest?after=2895 HTTP/1.1
[12/Aug/2026 18:20:50] GET /api/capture/latest?after=2895 HTTP/1.1
[12/Aug/2026 18:20:51] GET /api/capture/latest?after=2895 HTTP/1.1
[12/Aug/2026 18:20:52] GET /api/capture/latest?after=2895 HTTP/1.1
[12/Aug/2026 18:20:52] GET /api/status HTTP/1.1
[12/Aug/2026 18:20:53] GET /api/capture/latest?after=2895 HTTP/1.1
[12/Aug/2026 18:20:54] GET /api/capture/latest?after=2895 HTTP/1.1
[12/Aug/2026 18:20:55] GET /api/capture/latest?after=2895 HTTP/1.1
[12/Aug/2026 18:20:56] GET /api/capture/latest?after=2895 HTTP/1.1
[12/Aug/2026 18:20:57] GET /api/capture/latest?after=2896 HTTP/1.1
[12/Aug/2026 18:20:57] GET /api/status HTTP/1.1
[12/Aug/2026 18:20:58] GET /api/capture/latest?after=2896 HTTP/1.1
[12/Aug/2026 18:20:59] GET /api/capture/latest?after=2896 HTTP/1.1
[12/Aug/2026 18:21:00] GET /api/capture/latest?after=2896 HTTP/1.1
[12/Aug/2026 18:21:01] GET /api/capture/latest?after=2896 HTTP/1.1
[12/Aug/2026 18:21:02] GET /api/capture/latest?after=2896 HTTP/1.1
[12/Aug/2026 18:21:02] GET /api/status HTTP/1.1
[12/Aug/2026 18:21:03] GET /api/capture/latest?after=2896 HTTP/1.1
[12/Aug/2026 18:21:04] GET /api/capture/latest?after=2896 HTTP/1.1
[12/Aug/2026 18:21:05] GET /api/capture/latest?after=2896 HTTP/1.1
[12/Aug/2026 18:21:06] GET /api/capture/latest?after=2894 HTTP/1.1
[12/Aug/2026 18:21:06] GET /api/capture/latest?after=2896 HTTP/1.1
[12/Aug/2026 18:21:06] GET /api/status HTTP/1.1
[12/Aug/2026 18:21:07] GET /api/capture/latest?after=2896 HTTP/1.1
[12/Aug/2026 18:21:07] GET /api/status HTTP/1.1
[12/Aug/2026 18:21:08] GET /api/capture/latest?after=2896 HTTP/1.1
[12/Aug/2026 18:21:09] GET /api/capture/latest?after=2896 HTTP/1.1
[12/Aug/2026 18:21:10] GET /api/capture/latest?after=2896 HTTP/1.1
[12/Aug/2026 18:21:11] GET /api/capture/latest?after=2896 HTTP/1.1
[12/Aug/2026 18:21:12] GET /api/capture/latest?after=2896 HTTP/1.1
[12/Aug/2026 18:21:12] GET /api/status HTTP/1.1
[12/Aug/2026 18:21:13] GET /api/capture/latest?after=2896 HTTP/1.1
[12/Aug/2026 18:21:14] GET /api/capture/latest?after=2896 HTTP/1.1
[12/Aug/2026 18:21:15] GET /api/capture/latest?after=2896 HTTP/1.1
[12/Aug/2026 18:21:16] GET /api/capture/latest?after=2896 HTTP/1.1
[12/Aug/2026 18:21:17] GET /api/capture/latest?after=2896 HTTP/1.1
[12/Aug/2026 18:21:17] GET /api/status HTTP/1.1
[12/Aug/2026 18:21:18] GET /api/capture/latest?after=2896 HTTP/1.1
[12/Aug/2026 18:21:19] GET /api/capture/latest?after=2896 HTTP/1.1
[12/Aug/2026 18:21:20] GET /api/capture/latest?after=2896 HTTP/1.1
[12/Aug/2026 18:21:21] GET /api/capture/latest?after=2896 HTTP/1.1
[12/Aug/2026 18:21:22] GET /api/capture/latest?after=2896 HTTP/1.1
[12/Aug/2026 18:21:22] GET /api/status HTTP/1.1
[12/Aug/2026 18:21:23] GET /api/capture/latest?after=2896 HTTP/1.1
[12/Aug/2026 18:21:24] GET /api/capture/latest?after=2896 HTTP/1.1
[12/Aug/2026 18:21:25] GET /api/capture/latest?after=2897 HTTP/1.1
[12/Aug/2026 18:21:26] GET /api/capture/latest?after=2897 HTTP/1.1
[12/Aug/2026 18:22:06] GET /api/capture/latest?after=2897 HTTP/1.1
[12/Aug/2026 18:22:06] GET /api/status HTTP/1.1
[12/Aug/2026 18:22:06] GET /api/capture/latest?after=2896 HTTP/1.1
[12/Aug/2026 18:22:06] GET /api/status HTTP/1.1
[12/Aug/2026 18:23:06] GET /api/capture/latest?after=2898 HTTP/1.1
[12/Aug/2026 18:23:06] GET /api/capture/latest?after=2898 HTTP/1.1
[12/Aug/2026 18:23:06] GET /api/status HTTP/1.1
[12/Aug/2026 18:23:06] GET /api/status HTTP/1.1
[12/Aug/2026 18:24:06] GET /api/capture/latest?after=2900 HTTP/1.1
[12/Aug/2026 18:24:06] GET /api/status HTTP/1.1
[12/Aug/2026 18:24:06] GET /api/capture/latest?after=2900 HTTP/1.1
[12/Aug/2026 18:24:06] GET /api/status HTTP/1.1
[12/Aug/2026 18:25:06] GET /api/capture/latest?after=2902 HTTP/1.1
[12/Aug/2026 18:25:06] GET /api/capture/latest?after=2902 HTTP/1.1
[12/Aug/2026 18:25:06] GET /api/status HTTP/1.1
[12/Aug/2026 18:25:06] GET /api/status HTTP/1.1
[12/Aug/2026 18:26:06] GET /api/capture/latest?after=2904 HTTP/1.1
[12/Aug/2026 18:26:06] GET /api/capture/latest?after=2904 HTTP/1.1
[12/Aug/2026 18:26:06] GET /api/status HTTP/1.1
[12/Aug/2026 18:26:06] GET /api/status HTTP/1.1
